,noun_token,noun,mass
1,tail,,
2,bags,bag,
3,school,,
4,group,,
5,committee,,
6,road,,
7,leaflet,,
8,side,,
9,people,person,
10,treasurer,,
11,pound,,
12,sheets,sheet,
13,chapels,chapel,
14,root,,
15,printer,,
16,person,,
17,pounds,pound,
18,mum,,
19,cloth,,
20,hair,,TRUE
21,windowsill,,
22,brandy,,TRUE
23,door,,
24,curtains,curtain,
25,crossing,,
26,back,,
27,loaf,,
28,yard,,
29,alarm,,
30,powder,,TRUE
31,filter,,
32,men,man,
33,duck,,
34,buns,bun,
35,seafood,,TRUE
36,meal,,
37,shops,shop,
38,shop,,
39,material,,
40,postage,,TRUE
41,spoon,,
42,bread,,TRUE
43,pie,,
44,edge,,
45,ones,one,
46,season,,
47,corner,,
48,camp,,
49,peas,pea,
50,flooring,,TRUE
51,worktops,worktop,
52,marble,,
53,water,,TRUE
54,bedrooms,bedroom,
55,bedroom,,
56,skylight,,
57,row,,
58,house,,
59,king,,
60,letters,letter,
61,flowers,flower,
62,top,,
63,reef,,
64,tank,,
65,flat,,
66,cat,,
67,gear,,
68,goldfish,,
69,lady,,
70,eye,,
71,boots,boot,
72,sundial,,
73,tree,,
74,cubes,cube,
75,drops,drop,
76,cross,,
77,shirts,shirt,
78,sky,,
79,tops,top,
80,beef,,TRUE
81,meat,,TRUE
82,tiles,tile,
83,edging,,TRUE
84,wall,,
85,food,,TRUE
86,curries,curry,
87,squirrel,,
88,squirrels,squirrel,
89,leaves,leaf,
90,soil,,TRUE
91,sun,,TRUE
92,wind,,TRUE
93,light,,
94,battery,,
95,lights,light,
96,sandwich,,
97,rolls,roll,
98,sauce,,TRUE
99,shelve,shelf,
100,baskets,basket,
101,paint,,TRUE
102,cats,cat,
103,home,,
104,daddy,,
105,lip,,
106,hands,hand,
107,pants,,TRUE
108,office,,
109,mummy,,
110,doors,door,
111,slabs,slab,
112,pinky,,
113,violet,,
114,horse,,
115,legs,leg,
116,model,,
117,day,,
118,pavement,,TRUE
119,museum,,
120,engines,engine,
121,ladies,lady,
122,man,,
123,spot,,
124,ginger,,TRUE
125,books,book,
126,houses,house,
127,oil,,TRUE
128,pudding,,TRUE
129,mats,mat,
130,rubber,,TRUE
131,dollar,,
132,room,,
133,jaw,,
134,driver,,
135,face,,
136,nails,nail,
137,holes,hole,
138,shoulder,,
139,rings,ring,
140,motor,,
141,suit,,
142,case,,
143,snow,,TRUE
144,coat,,
145,corners,corner,
146,arm,,
147,roads,road,
148,hood,,
149,cakes,cake,
150,porridge,,TRUE
151,movies,movie,
152,pot,,
153,lead,,
154,piece,,
155,clip,,
156,stones,stone,
157,plastic,,TRUE
158,metals,metal,TRUE
159,metal,,TRUE
160,dad,,
161,lift,,
162,ball,,
163,drop,,
164,potatoes,potato,
165,whisky,,TRUE
166,bin,,
167,foxes,fox,
168,peel,,
169,walls,wall,
170,bag,,
171,sugar,,TRUE
172,towel,,
173,slums,slum,
174,chap,,
175,fingers,finger,
176,shout,,
177,lounge,,
178,glass,,
179,player,,
180,players,player,
181,shoots,shoot,
182,furniture,,TRUE
183,months,month,
184,cellar,,
185,coins,coin,
186,girl,,
187,toilet,,
188,fish,,
189,washer,,
190,board,,
191,sign,,
192,beer,,
193,cupboard,,
194,slab,,
195,platter,,
196,roll,,
197,bar,,
198,white,,TRUE
199,dust,,TRUE
200,bears,bear,
201,floors,floor,
202,gallon,,
203,floored,floor,
204,floor,,
205,carpet,,
206,pints,pint,
207,glasses,,TRUE
208,ale,,
209,shelf,,
210,desk,,
211,grill,,
212,oven,,
213,blood,,TRUE
214,alarms,alarm,
215,magnets,magnet,
216,pet,,
217,girls,girl,
218,packet,,
219,brown,,TRUE
220,phones,phone,
221,obituary,,
222,necklaces,necklace,
223,bars,bar,
224,chocolate,,TRUE
225,grass,,TRUE
226,fat,,TRUE
227,pills,pill,
228,cocktail,,
229,cocktails,cocktail,
230,lid,,
231,stuffing,,TRUE
232,container,,
233,alloy,,
234,lane,,
235,swine,,
236,boy,,
237,table,,
238,ring,,
239,hand,,
240,chip,,
241,honey,,TRUE
242,washing,,TRUE
243,penny,,
244,panel,,
245,money,,TRUE
246,gravy,,TRUE
247,children,child,
248,bath,,
249,waters,water,TRUE
250,green,,TRUE
251,dolls,doll,
252,tray,,
253,block,,
254,boiler,,
255,tap,,
256,company,,
257,hat,,
258,card,,
259,cafe,,
260,belt,,
261,suits,suit,
262,calendar,,
263,head,,
264,gears,gear,
265,tights,,TRUE
266,shirt,,
267,leg,,
268,tape,,
269,line,,
270,book,,
271,bun,,
272,cell,,
273,ovals,oval,
274,feed,,TRUE
275,smock,,
276,inch,,
277,marmalade,,TRUE
278,gift,,
279,parking,,TRUE
280,picture,,
281,outfit,,
282,mark,,
283,pattern,,
284,beards,beard,
285,dress,,
286,bright,,
287,pipe,,
288,loo,,
289,whiskers,whisker,
290,wood,,TRUE
291,fence,,
292,point,,
293,dollars,dollar,
294,branch,,
295,chain,,
296,violets,violet,
297,pond,,
298,packets,packet,
299,box,,
300,hoop,,
301,red,,TRUE
302,balls,ball,
303,air,,TRUE
304,mushrooms,mushroom,
305,spices,spice,
306,ties,tie,
307,brooch,,
308,beard,,
309,bins,bin,
310,heron,,
311,herons,heron,
312,ducks,duck,
313,window,,
314,stripper,,
315,trees,tree,
316,gravestones,gravestone,
317,hearths,hearth,
318,hearth,,
319,runs,run,
320,stain,,
321,radiator,,
322,plaster,,
323,attack,,
324,ceiling,,
325,run,,
326,path,,
327,shit,,TRUE
328,platform,,
329,pipes,pipe,
330,kisses,kiss,
331,earth,,TRUE
332,race,,
333,fluid,,TRUE
334,strap,,
335,tarmac,,
336,van,,
337,university,,
338,training,,
339,brother,,
340,carts,cart,
341,field,,
342,shoulders,shoulder,
343,contest,,
344,foot,,
345,horseman,,
346,instruments,instrument,
347,spuds,spud,
348,wagon,,
349,stone,,
350,flap,,
351,videos,video,
352,accountant,,
353,garden,,
354,screen,,
355,paper,,
356,snack,,
357,rain,,TRUE
358,gate,,
359,hedge,,
360,caps,cap,
361,cap,,
362,smoke,,TRUE
363,sheds,shed,
364,chair,,
365,teachers,teacher,
366,bird,,
367,duster,,
368,night,,
369,pals,pal,
370,ticket,,
371,police,,TRUE
372,battering,,
373,boys,boy,
374,pig,,
375,granny,,
376,lettuce,,TRUE
377,butter,,TRUE
378,lamb,,
379,eight,,
380,bus,,
381,jumper,,
382,car,,
383,puzzles,puzzle,
384,peppers,pepper,
385,apple,,
386,bottle,,
387,lad,,
388,cheese,,TRUE
389,beak,,
390,ribbon,,
391,salad,,
392,dividers,divider,
393,socks,sock,
394,net,,
395,brushes,brush,
396,circles,circle,
397,seat,,
398,inches,inch,
399,biscuit,,
400,syrup,,TRUE
401,rising,,
402,shoes,shoe,
403,tablets,tablet,
404,check,,
405,dog,,
406,mine,,
407,land,,TRUE
408,eleven,,
409,mud,,TRUE
410,wine,,TRUE
411,fire,,TRUE
412,world,,
413,dish,,
414,basket,,
415,timber,,TRUE
416,hits,hit,
417,steak,,
418,shorts,,TRUE
419,suite,,
420,squares,square,
421,burgundy,,TRUE
422,minty,,
423,yards,yard,
424,past,,
425,grid,,
426,nail,,
427,grips,grip,
428,reels,reel,
429,wallet,,
430,sausages,sausage,
431,patches,patch,
432,sacks,sack,
433,drawer,,
434,plates,plate,
435,dinner,,
436,days,day,
437,penthouses,penthouse,
438,mutant,,
439,eclipse,,
440,art,,TRUE
441,advisor,,
442,lines,line,
443,core,,
444,cans,can,
445,coffee,,TRUE
446,sinking,,
447,paints,paint,TRUE
448,leaping,,
449,cake,,
450,bottom,,
451,trough,,
452,flower,,
453,post,,
454,beep,,
455,outsides,outside,
456,wax,,TRUE
457,wash,,
458,sleeve,,
459,oranges,orange,
460,trainers,trainer,
461,prizes,prize,
462,film,,
463,month,,
464,captain,,
465,push,,
466,pork,,TRUE
467,coin,,
468,village,,
469,crew,,
470,sides,side,
471,pastor,,
472,mirror,,
473,collars,collar,
474,churches,church,
475,sitting,,
476,manager,,
477,secretary,,
478,recorder,,
479,branches,branch,
480,moderator,,
481,report,,
482,license,,
483,ministers,minister,
484,warehouse,,
485,measure,,
486,directories,directory,
487,dot,,
488,bat,,
489,file,,
490,clocks,clock,
491,handles,handle,
492,grate,,
493,muscle,,
494,lump,,
495,account,,
496,drives,drive,
497,forty,,
498,pens,pen,
499,hardware,,TRUE
500,cigarette,,
501,smoking,,TRUE
502,throws,throw,
503,calls,call,
504,suites,suite,
505,windows,window,
506,video,,
507,watch,,
508,cassette,,
509,speakers,speaker,
510,cassettes,cassette,
511,market,,
512,heads,head,
513,breast,,
514,carrots,carrot,
515,station,,
516,rack,,
517,record,,
518,button,,
519,fork,,
520,officer,,
521,bathroom,,
522,queen,,
523,flush,,
524,hound,,
525,family,,
526,trays,tray,
527,wooden,,
528,stairs,stair,
529,lighting,,TRUE
530,switch,,
531,hallways,hallway,
532,lanes,lane,
533,bike,,
534,driving,,TRUE
535,litter,,TRUE
536,jockeys,jockey,
537,park,,
538,stations,station,
539,bank,,
540,television,,
541,cup,,
542,gardens,garden,
543,camera,,
544,sand,,TRUE
545,bones,bone,
546,sandwiches,sandwich,
547,jam,,TRUE
548,boxes,box,
549,stalls,stall,
550,curtain,,
551,stall,,
552,zombie,,
553,band,,
554,bottles,bottle,
555,prawns,prawn,
556,coleslaw,,TRUE
557,scoop,,
558,backs,back,
559,lunch,,
560,slices,slice,
561,hash,,
562,popcorn,,TRUE
563,bum,,
564,tummy,,
565,kick,,
566,milk,,TRUE
567,gown,,
568,bill,,
569,runners,runner,
570,guns,,
571,granddad,,
572,kiss,,
573,wheels,wheel,
574,standing,,TRUE
575,gas,,TRUE
576,till,,
577,star,,
578,horses,horse,
579,plants,plant,
580,street,,
581,mother,,
582,knife,,
583,page,,
584,paddling,,
585,channel,,
586,catalogue,,
587,brush,,
588,chest,,
589,cloud,,
590,pruners,pruner,
591,dirt,,TRUE
592,building,,
593,wire,,
594,stars,star,
595,playground,,
596,shed,,
597,walk,,
598,walking,,TRUE
599,shopping,,TRUE
600,pots,pot,
601,puddings,pudding,TRUE
602,taste,,
603,chairs,chair,
604,truffle,,
605,cylinder,,
606,jar,,
607,key,,
608,worm,,
609,pieces,piece,
610,meals,meal,
611,pud,,TRUE
612,chocolates,chocolate,TRUE
613,cream,,TRUE
614,bridges,bridge,
615,pigeon,,
616,rice,,TRUE
617,blades,blade,
618,blade,,
619,troop,,
620,match,,
621,leaf,,
622,clock,,
623,tapes,tape,
624,divide,,
625,parade,,
626,boards,board,
627,soup,,TRUE
628,lice,louse,
629,beds,bed,
630,kids,kid,
631,potato,,
632,jacket,,
633,ons,,
634,cot,,
635,witness,,
636,workers,worker,
637,call,,
638,rise,,
639,guy,,
640,motorways,motorway,
641,bands,band,
642,kitchens,kitchen,
643,fishing,,TRUE
644,pools,pool,
645,pool,,
646,cups,cup,
647,ventilation,,TRUE
648,crowd,,
649,machine,,
650,store,,
651,exit,,
652,entrance,,
653,islands,island,
654,liners,liner,
655,cards,card,
656,coolers,cooler,
657,breakfast,,
658,valve,,
659,rooms,room,
660,cooking,,TRUE
661,fare,,
662,bed,,
663,fares,fare,
664,hotel,,
665,hotels,hotel,
666,clerk,,
667,music,,TRUE
668,tile,,
669,ferry,,
670,break,,
671,tickets,ticket,
672,shampoos,shampoo,TRUE
673,tables,table,
674,recipes,recipe,
675,grills,grill,
676,spots,spot,
677,crates,crate,
678,staff,,TRUE
679,receipt,,
680,eyes,eye,
681,test,,
682,cameras,camera,
683,bulb,,
684,cooker,,
685,instructor,,
686,tin,,
687,juices,juice,TRUE
688,woman,,
689,phone,,
690,sweeps,sweep,
691,brazils,brazil,TRUE
692,shave,,
693,rash,,
694,computer,,
695,belts,belt,
696,points,point,
697,ballet,,
698,dancing,,TRUE
699,cereals,cereal,TRUE
700,crumpets,crumpet,
701,finger,,
702,pocket,,
703,casserole,,
704,neck,,
705,ponds,pond,
706,tongs,tong,
707,rag,,
708,hook,,
709,note,,
710,slipper,,
711,alley,,
712,pages,page,
713,repairs,repair,
714,notes,note,
715,bungalow,,
716,hammer,,
717,toilets,toilet,
718,furnishings,furnishing,TRUE
719,gifts,gift,
720,pineapple,,
721,shower,,
722,wallpaper,,TRUE
723,dump,,
724,freezer,,
725,boot,,
726,flats,flat,
727,pilot,,
728,paperback,,
729,sculpture,,
730,fall,,
731,sharpeners,sharpener,
732,envelope,,
733,stock,,TRUE
734,cover,,
735,stair,,
736,cars,car,
737,blockage,,
738,actress,,
739,pits,pit,
740,salmon,,TRUE
741,feast,,
742,hairs,hair,TRUE
743,loop,,
744,infection,,
745,lining,,
746,eggs,egg,
747,date,,
748,dresses,dress,
749,ringing,,TRUE
750,firm,,
751,spotlight,,
752,marks,mark,
753,roots,root,
754,barometers,barometer,
755,sea,,
756,restaurant,,
757,fuel,,TRUE
758,cast,,
759,iron,,
760,coke,,
761,stove,,
762,lecturers,lecturer,
763,borders,border,
764,lengths,length,
765,rods,rod,
766,items,item,
767,shears,,TRUE
768,sink,,
769,policeman,,
770,sherry,,TRUE
771,dancers,daner,
772,tub,,
773,pink,,TRUE
774,quarter,,
775,carton,,
776,bedding,,TRUE
777,transporters,transporter,
778,railways,railway,
779,transporter,,
780,bridge,,
781,tanks,tank,
782,games,game,
783,shot,,
784,stroke,,
785,court,,
786,sprouts,sprout,
787,chicken,,
788,article,,
789,entertainment,,TRUE
790,drip,,
791,coating,,
792,apples,apple,
793,varnish,,TRUE
794,cutter,,
795,list,,
796,hall,,
797,stream,,
798,lab,,
799,signs,sign,
800,feeds,feed,TRUE
801,game,,
802,scratching,,TRUE
803,dung,,TRUE
804,greenhouses,greenhouse,
805,frames,frame,
806,casing,,
807,erection,,
808,track,,
809,rose,,
810,mansions,mansion,
811,mansion,,
812,bell,,
813,warden,,
814,gap,,
815,heap,,
816,tea,,TRUE
817,publishers,publisher,
818,writers,writer,
819,animal,,
820,tip,,
821,pigeons,pigeon,
822,petrol,,TRUE
823,limbs,limb,
824,barns,barn,
825,cows,cow,
826,servant,,
827,officers,officer,
828,fryer,,
829,shake,,
830,drive,,
831,forest,,
832,bacon,,TRUE
833,crisp,,
834,country,,
835,operation,,
836,wedding,,
837,management,,TRUE
838,schools,school,
839,bearing,,TRUE
840,tennis,,TRUE
841,instrument,,
842,drum,,
843,shoeing,,
844,counties,county,
845,companies,company,
846,racing,,TRUE
847,deer,,
848,herb,,
849,couple,,
850,deck,,
851,manure,,TRUE
852,caravans,caravan,
853,scientist,,
854,nurse,,
855,crater,,
856,tills,till,
857,boiling,,TRUE
858,pan,,
859,boils,boil,
860,halls,hall,
861,sheet,,
862,dart,,
863,darts,dart,
864,movie,,
865,factory,,
866,wings,wing,
867,brokers,broker,
868,breathing,,TRUE
869,fires,fire,
870,feather,,
871,mattress,,
872,software,,TRUE
873,seats,seat,
874,bugs,bug,
875,chips,chip,
876,flight,,
877,steps,step,
878,sweater,,
879,jackets,jacket,
880,chop,,
881,pinch,,
882,tissue,,
883,princess,,
884,dryer,,
885,bowl,,
886,hats,hat,
887,tokens,token,
888,waves,wave,
889,step,,
890,papers,paper,
891,divider,,
892,towels,towel,
893,weight,,
894,drivers,driver,
895,machines,machine,
896,tuck,,
897,ground,,TRUE
898,bush,,
899,steeds,steed,
900,bottoms,bottom,
901,licence,,
902,beams,beam,
903,advertising,,TRUE
904,engine,,
905,lips,lip,
906,bone,,
907,bills,bill,
908,hockey,,TRUE
909,pad,,
910,drums,drum,
911,toy,,
912,fireplace,,
913,mantel,,
914,radiation,,TRUE
915,tiling,,TRUE
916,archway,,
917,radiators,radiator,
918,driveway,,
919,barbecue,,
920,border,,
921,fencing,,TRUE
922,eclairs,eclair,
923,almonds,almond,
924,jade,,TRUE
925,collar,,
926,stripe,,
927,rails,rail,
928,rail,,
929,chickens,chicken,
930,product,,
931,hole,,
932,handle,,
933,opera,,
934,shells,shell,
935,saws,saw,
936,saw,,
937,badge,,
938,tents,tent,
939,processor,,
940,bobsleigh,,
941,trunk,,
942,guard,,
943,repair,,
944,log,,
945,buildings,building,
946,slip,,
947,crust,,
948,tar,,TRUE
949,alcohol,,TRUE
950,curry,,
951,bulbs,bulb,
952,frame,,
953,adults,adult,
954,skirt,,
955,raisins,raisin,
956,prize,,
957,wrap,,
958,barking,,TRUE
959,show,,
960,dogs,dog,
961,woof,,
962,gym,,
963,color,,
964,hunt,,
965,squirt,,
966,balloons,balloon,
967,tails,tail,
968,bite,,
969,ark,,
970,toys,toy,
971,elephant,,
972,marker,,
973,poodles,poodle,
974,bug,,
975,crocodile,,
976,tire,,
977,rabbits,rabbit,
978,popsicle,,
979,egg,,
980,sheep,,
981,apricot,,
982,seeds,seed,
983,square,,
984,juice,,TRUE
985,juicers,juicer,
986,trumpeting,,TRUE
987,faces,face,
988,bear,,
989,frog,,
990,quack,,
991,spider,,
992,teddy,,
993,slippers,slipper,
994,satin,,TRUE
995,puzzle,,
996,beans,bean,
997,mouse,,
998,songs,song,
999,mommy,,
1000,scissors,,TRUE
1001,tricycle,,
1002,heart,,
1003,turquoise,,TRUE
1004,diamond,,
1005,pentagon,,
1006,circle,,
1007,parrot,,
1008,scooter,,
1009,rainbow,,
1010,letter,,
1011,drinks,drink,
1012,canopy,,
1013,mulch,,TRUE
1014,stick,,
1015,edges,edge,
1016,creature,,
1017,buds,bud,
1018,hill,,
1019,clump,,
1020,ants,ant,
1021,aphids,aphid,
1022,boat,,
1023,dots,dot,
1024,macaroni,,TRUE
1025,roses,rose,
1026,hearts,heart,
1027,sleeping,,TRUE
1028,fairy,,
1029,tools,tool,
1030,babies,baby,
1031,baby,,
1032,puppy,,
1033,lemon,,
1034,peach,,
1035,banana,,
1036,tracks,track,
1037,structure,,
1038,flag,,
1039,hamper,,
1040,jogger,,
1041,balloon,,
1042,reindeer,,
1043,bow,,
1044,penguin,,
1045,bananas,banana,
1046,muffins,muffin,
1047,frosting,,TRUE
1048,broccoli,,TRUE
1049,grapes,grape,
1050,moon,,
1051,tube,,
1052,robe,,
1053,birds,bird,
1054,fur,,TRUE
1055,sticks,stick,
1056,rug,,
1057,rabbit,,
1058,honk,,
1059,lion,,
1060,crayon,,
1061,purple,,TRUE
1062,scarf,,
1063,dinosaur,,
1064,mitts,mitt,
1065,candles,candle,
1066,clouds,cloud,
1067,clay,,TRUE
1068,mountain,,
1069,kangaroo,,
1070,ocean,,
1071,slide,,
1072,roller,,
1073,digger,,
1074,tractor,,
1075,wheel,,
1076,knob,,
1077,truck,,
1078,mountains,mountain,
1079,cherry,,
1080,crackers,cracker,
1081,soda,,TRUE
1082,squid,,
1083,dragon,,
1084,hippo,,
1085,marshmallows,marshmallow,
1086,tomatoes,tomato,
1087,onions,onion,
1088,melon,,
1089,bean,,
1090,dishes,dish,
1091,guys,guy,
1092,rope,,
1093,colors,,
1094,boarding,,TRUE
1095,trucks,truck,
1096,hippos,hippo,
1097,animals,animal,
1098,clothes,,TRUE
1099,ears,ear,
1100,footprint,,
1101,seal,,
1102,climbing,,TRUE
1103,grinder,,
1104,nose,,
1105,dance,,
1106,costume,,
1107,doll,,
1108,bells,bell,
1109,plant,,
1110,pepper,,
1111,shoe,,
1112,broom,,
1113,fan,,
1114,goodness,,TRUE
1115,sweet,,
1116,fox,,
1117,porch,,
1118,triangle,,
1119,cookie,,
1120,crab,,
1121,barn,,
1122,strawberry,,
1123,tie,,
1124,talk,,
1125,leave,,
1126,blocks,block,
1127,kitty,,
1128,sifter,,
1129,whale,,
1130,turtle,,
1131,necklace,,
1132,surface,,
1133,body,,
1134,ear,,
1135,arms,arm,
1136,mess,,
1137,cocoa,,TRUE
1138,monkey,,
1139,mitt,,
1140,closet,,
1141,bunk,,
1142,trunks,trunk,
1143,pajamas,,TRUE
1144,ship,,
1145,fight,,
1146,octopus,,
1147,oatmeal,,TRUE
1148,good,,
1149,fruit,,
1150,bubbles,bubble,
1151,garbage,,TRUE
1152,sings,,TRUE
1153,patch,,
1154,cinnamon,,TRUE
1155,robot,,
1156,butterfly,,
1157,weavers,weaver,
1158,clap,,
1159,piggies,piggy,
1160,tongue,,
1161,nut,,
1162,purse,,
1163,award,,
1164,orange,,
1165,snacks,snack,
1166,pillows,pillow,
1167,fry,,
1168,straw,,
1169,cluster,,
1170,hay,,TRUE
1171,diaper,,
1172,blanket,,
1173,mustache,,
1174,plane,,
1175,airplane,,
1176,dude,,
1177,bows,bow,
1178,cookies,cookie,
1179,polish,,TRUE
1180,headache,,
1181,keys,key,
1182,raisin,,
1183,buttons,button,
1184,throw,,
1185,coats,coat,
1186,giraffe,,
1187,bucket,,
1188,blower,,
1189,pea,,
1190,string,,
1191,draw,,
1192,train,,
1193,knock,,
1194,slice,,
1195,pictures,picture,
1196,screaming,,TRUE
1197,paintings,painting,
1198,printing,,
1199,tickles,tickle,
1200,squirts,squirt,
1201,laundry,,TRUE
1202,panties,panty,
1203,lipstick,,TRUE
1204,lids,lid,
1205,pepperoni,,TRUE
1206,ketchup,,TRUE
1207,coach,,
1208,pops,pop,
1209,pile,,
1210,licorice,,TRUE
1211,mouth,,
1212,gum,,
1213,mice,mouse,
1214,riding,,TRUE
1215,pickles,pickle,
1216,toast,,TRUE
1217,bead,,
1218,doggy,,
1219,helicopters,helicopter,
1220,grasshopper,,
1221,crunch,,
1222,bib,,
1223,toes,toe,
1224,squeak,,
1225,noodles,noodle,
1226,dunks,dunk,
1227,ice,,TRUE
1228,curds,curd,
1229,dunk,,
1230,puck,,
1231,duckling,,
1232,ducklings,duckling,
1233,spin,,
1234,jump,,
1235,hose,,
1236,bunnies,bunny,
1237,pony,,
1238,planet,,
1239,cranium,,
1240,swim,,
1241,toe,,
1242,shell,,
1243,doggie,,
1244,mat,,
1245,tunnel,,
1246,eel,,
1247,piranha,,
1248,sword,,
1249,molar,,
1250,bark,,
1251,reds,red,TRUE
1252,shamrock,,
1253,gates,gate,
1254,pillow,,
1255,cheeks,cheek,
1256,tender,,
1257,arrow,,
1258,shadow,,
1259,stool,,
1260,stage,,
1261,barrel,,
1262,fries,fry,
1263,meatballs,meatball,
1264,vegetables,vegetable,
1265,medicine,,TRUE
1266,fin,,
1267,joint,,
1268,concrete,,TRUE
1269,willow,,
1270,paddle,,
1271,skull,,
1272,hunter,,
1273,map,,
1274,snowman,,
1275,sweets,sweet,
1276,bunny,,
1277,bubble,,
1278,crayons,crayon,
1279,thumb,,
1280,trap,,
1281,traps,trap,
1282,stickers,sticker,
1283,hugs,hug,
1284,dolphin,,
1285,mole,,
1286,teeth,tooth,
1287,yogurt,,TRUE
1288,mops,mop,
1289,mama,,
1290,ride,,
1291,cider,,TRUE
1292,tooth,,
1293,dough,,TRUE
1294,garland,,
1295,doughnuts,doughnut,
1296,doughnut,,
1297,lemonade,,TRUE
1298,stomachs,stomach,
1299,creatures,creature,
1300,batteries,battery,
1301,eats,eat,
1302,chalk,,TRUE
1303,gun,,
1304,cone,,
1305,airship,,
1306,submarine,,
1307,on,,
1308,limousine,,
1309,helmet,,
1310,uniform,,
1311,cartridge,,
1312,railing,,
1313,railings,railing,
1314,caboose,,
1315,drain,,
1316,cracker,,
1317,pop,,
1318,plate,,
1319,toenail,,
1320,candy,,TRUE
1321,present,,
1322,crabs,crab,
1323,umbrella,,
1324,sleep,,TRUE
1325,recipe,,
1326,mower,,
1327,lawn,,
1328,skin,,TRUE
1329,snake,,
1330,alligator,,
1331,alligators,alligator,
1332,shark,,
1333,coloring,,TRUE
1334,lizard,,
1335,click,,
1336,diving,,TRUE
1337,jumping,,TRUE
1338,pail,,
1339,putt,,
1340,fly,,
1341,tulips,tulip,
1342,sits,sit,
1343,pin,,
1344,wig,,
1345,blond,,
1346,stem,,
1347,melts,melt,
1348,glands,gland,
1349,vehicle,,
1350,goats,goat,
1351,talks,talk,
1352,puppies,puppy,
1353,bouncer,,
1354,theater,,
1355,eyelashes,eyelash,
1356,coast,,
1357,skyscrapers,skyscraper,
1358,magazine,,
1359,skittle,,
1360,popsicles,popsicle,
1361,cow,,
1362,cough,,
1363,blink,,
1364,legos,lego,
1365,noses,nose,
1366,pads,pad,
1367,squash,,
1368,rattle,,
1369,dowel,,
1370,mop,,
1371,onion,,
1372,rises,rise,
1373,needles,needle,
1374,bench,,
1375,knot,,
1376,spying,,TRUE
1377,tomato,,
1378,meow,,
1379,overalls,,TRUE
1380,petal,,
1381,fuzz,,TRUE
1382,chick,,
1383,thread,,
1384,tower,,
1385,growls,growl,
1386,globe,,
1387,octagon,,
1388,piggy,,
1389,hexagon,,
1390,feathers,feather,
1391,lollipop,,
1392,screw,,
1393,screws,screw,
1394,ladder,,
1395,rocks,rock,
1396,rock,,
1397,roof,,
1398,horns,horn,
1399,shows,show,
1400,snail,,
1401,crying,,TRUE
1402,cry,,
1403,rectangle,,
1404,oval,,
1405,shovel,,
1406,soaking,,
1407,lego,,
1408,rod,,
1409,leopards,leopard,
1410,stripes,stripe,
1411,pigs,pig,
1412,rooster,,
1413,chicks,chick,
1414,moose,,
1415,buggy,,
1416,swatter,,
1417,cab,,
1418,fruits,fruit,
1419,toolbox,,
1420,ladybug,,
1421,sandbox,,
1422,raspberries,raspberry,
1423,piggie,,
1424,teaspoon,,
1425,cube,,
1426,neon,,TRUE
1427,punch,,
1428,eagle,,
1429,eagles,eagle,
1430,wipes,wipe,
1431,glue,,TRUE
1432,bleeding,,TRUE
1433,spoons,spoon,
1434,bellies,belly,
1435,ballerina,,
1436,eat,,
1437,pumpkin,,
1438,meats,meat,
1439,cactus,,
1440,workshop,,
1441,octagons,octagon,
1442,spank,,
1443,scrabble,,
1444,plums,plum,
1445,worms,worm,
1446,coals,coal,
1447,corn,,
1448,melt,,
1449,wife,,
1450,climb,,
1451,sing,,
1452,belly,,
1453,witch,,
1454,pit,,
1455,wing,,
1456,hum,,
1457,sock,,
1458,press,,
1459,luggage,,TRUE
1460,kitten,,
1461,mustard,,TRUE
1462,plugs,plug,
1463,controller,,
1464,tutu,,
1465,milks,milk,TRUE
1466,scribble,,
1467,scribbles,scribble,
1468,baths,bath,
1469,stew,,
1470,ant,,
1471,smack,,
1472,town,,
1473,jelly,,TRUE
1474,collection,,
1475,collections,collection,
1476,mango,,
1477,wand,,
1478,tee,,
1479,tentacles,tentacle,
1480,paths,path,
1481,trails,trail,
1482,sticker,,
1483,berries,berry,
1484,trains,train,
1485,pickle,,
1486,web,,
1487,gorilla,,
1488,cave,,
1489,blankets,blanket,
1490,strikes,strike,
1491,drink,,
1492,knight,,
1493,cereal,,TRUE
1494,monkeys,monkey,
1495,wreath,,
1496,rocky,,
1497,rocking,,TRUE
1498,piglets,piglet,
1499,cape,,
1500,pennies,penny,
1501,owls,owl,
1502,flamingo,,
1503,spaghetti,,TRUE
1504,worlds,world,
1505,coral,,TRUE
1506,pedal,,
1507,dandelion,,
1508,caterpillar,,
1509,mask,,
1510,sunset,,
1511,presents,present,
1512,lobster,,
1513,dolphins,dolphin,
1514,panda,,
1515,sweaters,sweater,
1516,gecko,,
1517,cabbage,,
1518,song,,
1519,burger,,
1520,buckles,buckle,
1521,lollypop,,
1522,makeup,,TRUE
1523,walker,,
1524,bud,,
1525,clowns,clown,
1526,zucchini,,
1527,stomp,,
1528,diapers,diaper,
1529,tiger,,
1530,surf,,
1531,jaguars,jaguar,
1532,sequins,sequin,
1533,sandals,sandal,
1534,castle,,
1535,pal,,
1536,piano,,
1537,arches,arch,
1538,markers,marker,
1539,mixer,,
1540,woods,,TRUE
1541,eyeballs,eyeball,
1542,rot,,TRUE
1543,stroller,,
1544,tag,,
1545,yellows,yellow,TRUE
1546,puppets,puppet,
1547,kid,,
1548,platypus,,
1549,strawberries,strawberry,
1550,child,,
1551,pins,pin,
1552,fins,fin,
1553,desert,,
1554,sundaes,sundae,
1555,vibrates,vibrate,
1556,voice,,
1557,rides,ride,
1558,hills,hill,
1559,guitar,,
1560,seals,seal,
1561,tigers,tiger,
1562,cores,core,
1563,booties,booty,
1564,viper,,
1565,rectangles,rectangle,
1566,triangles,triangle,
1567,pear,,
1568,burps,burp,
1569,brain,,
1570,tasting,,
1571,ad,,
1572,taxi,,
1573,cartoon,,
1574,wiggle,,
1575,soap,,TRUE
1576,chin,,
1577,hamster,,
1578,makers,maker,
1579,lobe,,
1580,travels,,TRUE
1581,wedge,,
1582,ponies,pony,
1583,knee,,
1584,diamonds,diamond,
1585,lotion,,TRUE
1586,petals,petal,
1587,pole,,
1588,skip,,
1589,gloves,glove,
1590,tires,tire,
1591,swings,swing,
1592,lava,,TRUE
1593,shrimp,,TRUE
1594,charcoal,,TRUE
1595,peacock,,
1596,mom,,
1597,bees,bee,
1598,postcards,postcard,
1599,coconuts,coconut,
1600,blobs,blob,
1601,rake,,
1602,jungle,,
1603,thorn,,
1604,moonlight,,TRUE
1605,sneezes,sneeze,
1606,vacuums,vacuum,
1607,vacuum,,
1608,jeep,,
1609,mommies,mommy,
1610,moms,mom,
1611,prints,print,
1612,yells,yell,
1613,tunnels,tunnel,
1614,refrigerator,,
1615,medal,,
1616,poop,,TRUE
1617,clippings,clipping,
1618,hooks,hook,
1619,sack,,
1620,cells,cell,
1621,gland,,
1622,peels,peel,
1623,butt,,
1624,butts,butt,
1625,boob,,
1626,cubs,cub,
1627,cub,,
1628,guts,,TRUE
1629,cherries,cherry,
1630,writing,,TRUE
1631,bronze,,TRUE
1632,swords,sword,
1633,grey,,TRUE
1634,elephants,elephant,
1635,stand,,
1636,gyms,gym,
1637,ships,ship,
1638,crumb,,
1639,teacher,,
1640,choir,,
1641,explorer,,
1642,poo,,TRUE
1643,ape,,
1644,print,,
1645,fights,fight,
1646,bites,bite,
1647,contestant,,
1648,swimming,,TRUE
1649,drawing,,
1650,album,,
1651,slips,slip,
1652,sniffs,sniff,
1653,whispers,whisper,
1654,cut,,
1655,racket,,
1656,splash,,
1657,swing,,
1658,fireflies,firefly,
1659,bride,,
1660,pitcher,,
1661,sleigh,,
1662,muffin,,
1663,dirty,,
1664,mate,,
1665,swells,swell,
1666,quarters,quarter,
1667,pod,,
1668,basin,,
1669,pee,,TRUE
1670,can,,
1671,slap,,
1672,nuggets,nugget,
1673,pull,,
1674,pizza,,TRUE
1675,fairies,fairy,
1676,painting,,
1677,pinchers,pincher,
1678,rover,,
1679,meteorite,,
1680,site,,
1681,pushes,push,
1682,popping,,
1683,tent,,
1684,sharpener,,
1685,hanger,,
1686,shampoo,,TRUE
1687,puddle,,
1688,spout,,
1689,cones,cone,
1690,drips,drip,
1691,flop,,
1692,flaps,flap,
1693,recliner,,
1694,scooper,,
1695,downtown,,
1696,spray,,
1697,artifact,,
1698,maps,map,
1699,sill,,
1700,bounce,,
1701,paste,,
1702,sweeper,,
1703,generation,,
1704,growl,,
1705,flour,,TRUE
1706,stack,,
1707,clicks,click,
1708,uniforms,uniform,
1709,cobbler,,
1710,counter,,
1711,groups,group,
1712,streamers,streamer,
1713,command,,
1714,planes,plane,
1715,barrette,,
1716,bounces,bounce,
1717,wizard,,
1718,pirate,,
1719,wiggles,wiggle,
1720,dip,,
1721,castles,castle,
1722,cage,,
1723,candies,candy,TRUE
1724,seas,sea,
1725,maker,,
1726,mammals,mammal,
1727,mammal,,
1728,beluga,,
1729,son,,
1730,beach,,
1731,visit,,
1732,sundae,,
1733,cutters,cutter,
1734,falling,,TRUE
1735,marbles,marble,
1736,bull,,
1737,conditioner,,TRUE
1738,foods,food,TRUE
1739,collector,,
1740,constrictor,,
1741,hydrant,,
1742,flake,,
1743,linen,,TRUE
1744,hoe,,
1745,peanut,,
1746,knocks,knock,
1747,nest,,
1748,wipe,,
1749,aquarium,,
1750,potty,,
1751,beats,beat,
1752,glove,,
1753,scratch,,
1754,carrier,,
1755,talking,,TRUE
1756,running,,TRUE
1757,lifts,lift,
1758,rigs,rig,
1759,shack,,
1760,blow,,
1761,calf,,
1762,scoops,scoop,
1763,hangs,hang,
1764,storm,,
1765,carrot,,
1766,jugs,jug,
1767,retailer,,
1768,urchins,urchin,
1769,raccoon,,
1770,farm,,
1771,cord,,
1772,greens,green,TRUE
1773,fuzzy,,
1774,stems,stem,
1775,catcher,,
1776,token,,
1777,jaguar,,
1778,armadillo,,
1779,walkers,walker,
1780,skirts,skirt,
1781,cages,cage,
1782,magazines,magazine,
1783,containers,container,
1784,flops,flop,
1785,puppet,,
1786,baking,,TRUE
1787,ostrich,,
1788,coaster,,
1789,pasta,,TRUE
1790,skips,skip,
1791,flashing,,TRUE
1792,skate,,
1793,voices,voice,
1794,latch,,
1795,checker,,
1796,cart,,
1797,pumpkins,pumpkin,
1798,kit,,
1799,photographs,photograph,
1800,screams,scream,
1801,exercise,,
1802,mold,,
1803,coop,,
1804,plum,,
1805,turtles,turtle,
1806,bowls,bowl,
1807,frogs,frog,
1808,debris,,TRUE
1809,crawlers,crawler,
1810,contract,,
1811,vessels,vessel,
1812,mucus,,
1813,dwelling,,
1814,skins,skin,TRUE
1815,swamp,,
1816,dagger,,
1817,label,,
1818,butterflies,butterfly,
1819,grease,,TRUE
1820,angelfish,,
1821,tv,,
1822,vents,vent,
1823,lock,,
1824,steam,,TRUE
1825,rocket,,
1826,grandpa,,
1827,hallway,,
1828,wrapper,,
1829,birth,,
1830,saber,,
1831,scissor,,
1832,bubblegum,,TRUE
1833,scrape,,
1834,bracelets,bracelet,
1835,pears,pear,
1836,notebook,,
1837,raindrops,raindrop,
1838,doctors,doctor,
1839,crown,,
1840,trail,,
1841,exercises,exercise,
1842,kicks,kick,
1843,tick,,
1844,bee,,
1845,zombies,zombie,
1846,cocoon,,
1847,boxcar,,
1848,juggle,,
1849,meteor,,
1850,testing,,
1851,hit,,
1852,saucer,,
1853,skeleton,,
1854,zebras,zebra,
1855,panty,,
1856,dig,,
1857,sunny,,TRUE
1858,noodle,,
1859,hug,,
1860,pretzels,pretzel,
1861,ornament,,
1862,sneeze,,
1863,gumballs,gumball,
1864,boogers,booger,
1865,bicycle,,
1866,bracelet,,
1867,dinosaurs,dinosaur,
1868,laughs,laugh,
1869,write,,
1870,hens,hen,
1871,bagel,,
1872,pencil,,
1873,stamp,,
1874,ninja,,
1875,tot,,
1876,talon,,
1877,bomb,,
1878,juicy,,TRUE
1879,donut,,
1880,patty,,
1881,sharks,shark,
1882,dummy,,
1883,quacks,quack,
1884,sty,,
1885,goat,,
1886,soccer,,TRUE
1887,snowy,,TRUE
1888,cheerios,cheerio,
1889,salt,,TRUE
1890,cane,,
1891,kite,,
1892,daddies,daddy,
1893,ornaments,ornament,
1894,triceratops,,
1895,build,,
1896,builds,build,
1897,scar,,
1898,parrots,parrot,
1899,doctor,,
1900,flaming,,TRUE
1901,vans,,
1902,blueberry,,
1903,piglet,,
1904,saddle,,
1905,wateringcan,,
1906,shooters,shooter,
1907,tear,,
1908,rattlesnakes,rattlesnake,
1909,wafers,wafer,
1910,vanilla,,TRUE
1911,church,,
1912,waffle,,
1913,mittens,mitten,
1914,soldiers,soldier,
1915,ruby,,
1916,catch,,
1917,swims,swim,
1918,lions,lion,
1919,pans,pan,
1920,crawl,,
1921,pockets,pocket,
1922,bikini,,
1923,fart,,
1924,flavor,,
1925,tastes,taste,
1926,toasted,,TRUE
1927,twigs,twig,
1928,pamper,,
1929,tips,tip,
1930,fountain,,
1931,flip,,
1932,bump,,
1933,stamping,,TRUE
1934,fighter,,
1935,hitter,,
1936,beam,,
1937,singing,,TRUE
1938,mans,man,
1939,veggie,,
1940,dragons,dragon,
1941,snails,snail,
1942,eraser,,
1943,pat,,
1944,collect,,TRUE
1945,float,,
1946,belugas,beluga,
1947,scales,scale,
1948,bake,,
1949,neighbor,,
1950,flags,flag,
1951,basement,,
1952,coconut,,
1953,grandma,,
1954,tambourine,,
1955,karate,,TRUE
1956,pen,,