"","adj","noun","session","n","adj_stem","noun_stem","adult_n","mean_typ"
"1","green","ball",2,1,"green","ball",34,3
"2","purple","car",3,8,"purpl","car",14,2.25
"3","purple","car",3,8,"purpl","car",14,2.25
"4","purple","car",3,8,"purpl","car",14,2.25
"5","purple","car",3,8,"purpl","car",14,2.25
"6","purple","car",3,8,"purpl","car",14,2.25
"7","purple","car",3,8,"purpl","car",14,2.25
"8","purple","car",3,8,"purpl","car",14,2.25
"9","purple","car",3,8,"purpl","car",14,2.25
"10","dirty","hand",3,4,"dirti","hand",30,3.5
"11","dirty","hand",3,4,"dirti","hand",30,3.5
"12","dirty","hand",3,4,"dirti","hand",30,3.5
"13","dirty","hand",3,4,"dirti","hand",30,3.5
"14","red","car",3,4,"red","car",74,3
"15","red","car",3,4,"red","car",74,3
"16","red","car",3,4,"red","car",74,3
"17","red","car",3,4,"red","car",74,3
"18","red","swing",3,4,"red","swing",1,2.75
"19","red","swing",3,4,"red","swing",1,2.75
"20","red","swing",3,4,"red","swing",1,2.75
"21","red","swing",3,4,"red","swing",1,2.75
"22","dirty","car",3,3,"dirti","car",3,5
"23","dirty","car",3,3,"dirti","car",3,5
"24","dirty","car",3,3,"dirti","car",3,5
"25","green","bean",3,3,"green","bean",11,4
"26","green","bean",3,3,"green","bean",11,4
"27","green","bean",3,3,"green","bean",11,4
"28","green","bubble",3,3,"green","bubbl",1,2.66666666666667
"29","green","bubble",3,3,"green","bubbl",1,2.66666666666667
"30","green","bubble",3,3,"green","bubbl",1,2.66666666666667
"31","pink","cup",3,3,"pink","cup",10,3
"32","pink","cup",3,3,"pink","cup",10,3
"33","pink","cup",3,3,"pink","cup",10,3
"34","red","towel",3,3,"red","towel",1,3.75
"35","red","towel",3,3,"red","towel",1,3.75
"36","red","towel",3,3,"red","towel",1,3.75
"37","rocky","truck",3,3,"rocki","truck",9,1.25
"38","rocky","truck",3,3,"rocki","truck",9,1.25
"39","rocky","truck",3,3,"rocki","truck",9,1.25
"40","brown","dot",3,2,"brown","dot",3,3
"41","brown","dot",3,2,"brown","dot",3,3
"42","hot","tea",3,2,"hot","tea",22,4.5
"43","hot","tea",3,2,"hot","tea",22,4.5
"44","naked","baby",3,2,"nake","babi",7,4
"45","naked","baby",3,2,"nake","babi",7,4
"46","pink","coat",3,2,"pink","coat",1,3
"47","pink","coat",3,2,"pink","coat",1,3
"48","pink","peg",3,2,"pink","peg",2,2.5
"49","pink","peg",3,2,"pink","peg",2,2.5
"50","red","tractor",3,2,"red","tractor",1,4.25
"51","red","tractor",3,2,"red","tractor",1,4.25
"52","yellow","fish",3,2,"yellow","fish",19,3.25
"53","yellow","fish",3,2,"yellow","fish",19,3.25
"54","bright","color",3,1,"bright","color",12,3.5
"55","dark","hair",3,1,"dark","hair",2,4.6
"56","dirty","park",3,1,"dirti","park",2,3.33333333333333
"57","dirty","shoe",3,1,"dirti","shoe",10,4
"58","green","ball",3,1,"green","ball",34,3
"59","green","bird",3,1,"green","bird",9,2.75
"60","green","money",3,1,"green","monei",3,6.5
"61","green","pepper",3,1,"green","pepper",16,3.33333333333333
"62","green","pot",3,1,"green","pot",1,2.75
"63","green","strawberry",3,1,"green","strawberri",1,2.25
"64","green","tea",3,1,"green","tea",2,4.5
"65","green","turtle",3,1,"green","turtl",8,4
"66","hot","baby",3,1,"hot","babi",5,2.25
"67","hot","pot",3,1,"hot","pot",5,3.75
"68","orange","car",3,1,"orang","car",14,3.25
"69","orange","fish",3,1,"orang","fish",28,3.25
"70","pink","ear",3,1,"pink","ear",18,3
"71","pink","lip",3,1,"pink","lip",2,5
"72","pink","slipper",3,1,"pink","slipper",8,3
"73","pink","towel",3,1,"pink","towel",2,3
"74","red","crayon",3,1,"red","crayon",18,3.5
"75","red","hat",3,1,"red","hat",21,3.5
"76","red","scissor",3,1,"red","scissor",4,3.25
"77","red","truck",3,1,"red","truck",9,3.25
"78","sunny","day",3,1,"sunni","dai",21,4.25
"79","yellow","cup",3,1,"yellow","cup",27,3
"80","orange","fish",4,10,"orang","fish",28,3.25
"81","orange","fish",4,10,"orang","fish",28,3.25
"82","orange","fish",4,10,"orang","fish",28,3.25
"83","orange","fish",4,10,"orang","fish",28,3.25
"84","orange","fish",4,10,"orang","fish",28,3.25
"85","orange","fish",4,10,"orang","fish",28,3.25
"86","orange","fish",4,10,"orang","fish",28,3.25
"87","orange","fish",4,10,"orang","fish",28,3.25
"88","orange","fish",4,10,"orang","fish",28,3.25
"89","orange","fish",4,10,"orang","fish",28,3.25
"90","green","car",4,6,"green","car",25,3.5
"91","green","car",4,6,"green","car",25,3.5
"92","green","car",4,6,"green","car",25,3.5
"93","green","car",4,6,"green","car",25,3.5
"94","green","car",4,6,"green","car",25,3.5
"95","green","car",4,6,"green","car",25,3.5
"96","rubber","duck",4,6,"rubber","duck",10,3.5
"97","rubber","duck",4,6,"rubber","duck",10,3.5
"98","rubber","duck",4,6,"rubber","duck",10,3.5
"99","rubber","duck",4,6,"rubber","duck",10,3.5
"100","rubber","duck",4,6,"rubber","duck",10,3.5
"101","rubber","duck",4,6,"rubber","duck",10,3.5
"102","red","balloon",4,5,"red","balloon",21,3.25
"103","red","balloon",4,5,"red","balloon",21,3.25
"104","red","balloon",4,5,"red","balloon",21,3.25
"105","red","balloon",4,5,"red","balloon",21,3.25
"106","red","balloon",4,5,"red","balloon",21,3.25
"107","brown","bear",4,4,"brown","bear",42,5
"108","brown","bear",4,4,"brown","bear",42,5
"109","brown","bear",4,4,"brown","bear",42,5
"110","brown","bear",4,4,"brown","bear",42,5
"111","green","bean",4,4,"green","bean",11,4
"112","green","bean",4,4,"green","bean",11,4
"113","green","bean",4,4,"green","bean",11,4
"114","green","bean",4,4,"green","bean",11,4
"115","yellow","star",4,4,"yellow","star",13,4.25
"116","yellow","star",4,4,"yellow","star",13,4.25
"117","yellow","star",4,4,"yellow","star",13,4.25
"118","yellow","star",4,4,"yellow","star",13,4.25
"119","brown","shoe",4,3,"brown","shoe",5,4.25
"120","brown","shoe",4,3,"brown","shoe",5,4.25
"121","brown","shoe",4,3,"brown","shoe",5,4.25
"122","green","color",4,3,"green","color",16,4
"123","green","color",4,3,"green","color",16,4
"124","green","color",4,3,"green","color",16,4
"125","naked","butt",4,3,"nake","butt",7,3
"126","naked","butt",4,3,"nake","butt",7,3
"127","naked","butt",4,3,"nake","butt",7,3
"128","red","cup",4,3,"red","cup",17,3.75
"129","red","cup",4,3,"red","cup",17,3.75
"130","red","cup",4,3,"red","cup",17,3.75
"131","green","flower",4,2,"green","flower",4,2.5
"132","green","flower",4,2,"green","flower",4,2.5
"133","hot","syrup",4,2,"hot","syrup",1,2
"134","hot","syrup",4,2,"hot","syrup",1,2
"135","hot","tub",4,2,"hot","tub",12,3
"136","hot","tub",4,2,"hot","tub",12,3
"137","orange","color",4,2,"orang","color",9,4
"138","orange","color",4,2,"orang","color",9,4
"139","orange","cup",4,2,"orang","cup",8,2.8
"140","orange","cup",4,2,"orang","cup",8,2.8
"141","purple","house",4,2,"purpl","hous",1,2.25
"142","purple","house",4,2,"purpl","hous",1,2.25
"143","red","bird",4,2,"red","bird",83,2.5
"144","red","bird",4,2,"red","bird",83,2.5
"145","red","cookie",4,2,"red","cooki",6,1.66666666666667
"146","red","cookie",4,2,"red","cooki",6,1.66666666666667
"147","red","hat",4,2,"red","hat",21,3.5
"148","red","hat",4,2,"red","hat",21,3.5
"149","yellow","block",4,2,"yellow","block",12,2.75
"150","yellow","block",4,2,"yellow","block",12,2.75
"151","yellow","cup",4,2,"yellow","cup",27,3
"152","yellow","cup",4,2,"yellow","cup",27,3
"153","brown","ear",4,1,"brown","ear",1,4.25
"154","dirty","diaper",4,1,"dirti","diaper",16,4.5
"155","dirty","hand",4,1,"dirti","hand",30,3.5
"156","dirty","shirt",4,1,"dirti","shirt",6,4.5
"157","fuzzy","hair",4,1,"fuzzi","hair",1,2.75
"158","green","boat",4,1,"green","boat",5,3
"159","green","fish",4,1,"green","fish",16,2.5
"160","green","key",4,1,"green","kei",1,2.25
"161","green","tree",4,1,"green","tree",19,5.33333333333333
"162","green","truck",4,1,"green","truck",5,3
"163","hot","cereal",4,1,"hot","cereal",1,2.75
"164","orange","milk",4,1,"orang","milk",23,1
"165","orange","orange",4,1,"orang","orang",15,5.5
"166","orange","pumpkin",4,1,"orang","pumpkin",4,5
"167","orange","shirt",4,1,"orang","shirt",9,3
"168","outside","window",4,1,"outsid","window",1,4.5
"169","pink","crayon",4,1,"pink","crayon",9,2.5
"170","pink","tulip",4,1,"pink","tulip",1,3.5
"171","purple","cat",4,1,"purpl","cat",44,1.25
"172","purple","duck",4,1,"purpl","duck",6,1
"173","purple","floor",4,1,"purpl","floor",2,3
"174","red","apple",4,1,"red","appl",37,5.25
"175","red","car",4,1,"red","car",74,3
"176","red","door",4,1,"red","door",3,2.75
"177","red","dragon",4,1,"red","dragon",1,3
"178","red","house",4,1,"red","hous",4,2.25
"179","red","turtle",4,1,"red","turtl",2,1.75
"180","yellow","boat",4,1,"yellow","boat",3,3
"181","yellow","car",4,1,"yellow","car",21,2.25
"182","yellow","crayon",4,1,"yellow","crayon",12,3.25
"183","yellow","duck",4,1,"yellow","duck",56,5
"184","yellow","hat",4,1,"yellow","hat",16,4
"185","red","car",5,11,"red","car",74,3
"186","red","car",5,11,"red","car",74,3
"187","red","car",5,11,"red","car",74,3
"188","red","car",5,11,"red","car",74,3
"189","red","car",5,11,"red","car",74,3
"190","red","car",5,11,"red","car",74,3
"191","red","car",5,11,"red","car",74,3
"192","red","car",5,11,"red","car",74,3
"193","red","car",5,11,"red","car",74,3
"194","red","car",5,11,"red","car",74,3
"195","red","car",5,11,"red","car",74,3
"196","green","frog",5,7,"green","frog",61,6.33333333333333
"197","green","frog",5,7,"green","frog",61,6.33333333333333
"198","green","frog",5,7,"green","frog",61,6.33333333333333
"199","green","frog",5,7,"green","frog",61,6.33333333333333
"200","green","frog",5,7,"green","frog",61,6.33333333333333
"201","green","frog",5,7,"green","frog",61,6.33333333333333
"202","green","frog",5,7,"green","frog",61,6.33333333333333
"203","purple","cat",5,6,"purpl","cat",44,1.25
"204","purple","cat",5,6,"purpl","cat",44,1.25
"205","purple","cat",5,6,"purpl","cat",44,1.25
"206","purple","cat",5,6,"purpl","cat",44,1.25
"207","purple","cat",5,6,"purpl","cat",44,1.25
"208","purple","cat",5,6,"purpl","cat",44,1.25
"209","curly","hair",5,4,"curli","hair",15,3.25
"210","curly","hair",5,4,"curli","hair",15,3.25
"211","curly","hair",5,4,"curli","hair",15,3.25
"212","curly","hair",5,4,"curli","hair",15,3.25
"213","dark","hair",5,4,"dark","hair",2,4.6
"214","dark","hair",5,4,"dark","hair",2,4.6
"215","dark","hair",5,4,"dark","hair",2,4.6
"216","dark","hair",5,4,"dark","hair",2,4.6
"217","pink","bear",5,4,"pink","bear",15,1.75
"218","pink","bear",5,4,"pink","bear",15,1.75
"219","pink","bear",5,4,"pink","bear",15,1.75
"220","pink","bear",5,4,"pink","bear",15,1.75
"221","red","cookie",5,4,"red","cooki",6,1.66666666666667
"222","red","cookie",5,4,"red","cooki",6,1.66666666666667
"223","red","cookie",5,4,"red","cooki",6,1.66666666666667
"224","red","cookie",5,4,"red","cooki",6,1.66666666666667
"225","spiky","fish",5,4,"spiki","fish",8,2.5
"226","spiky","fish",5,4,"spiki","fish",8,2.5
"227","spiky","fish",5,4,"spiki","fish",8,2.5
"228","spiky","fish",5,4,"spiki","fish",8,2.5
"229","yellow","duck",5,4,"yellow","duck",56,5
"230","yellow","duck",5,4,"yellow","duck",56,5
"231","yellow","duck",5,4,"yellow","duck",56,5
"232","yellow","duck",5,4,"yellow","duck",56,5
"233","pink","ball",5,3,"pink","ball",12,2.5
"234","pink","ball",5,3,"pink","ball",12,2.5
"235","pink","ball",5,3,"pink","ball",12,2.5
"236","pink","jam",5,3,"pink","jam",12,2.5
"237","pink","jam",5,3,"pink","jam",12,2.5
"238","pink","jam",5,3,"pink","jam",12,2.5
"239","red","ball",5,3,"red","ball",36,4.66666666666667
"240","red","ball",5,3,"red","ball",36,4.66666666666667
"241","red","ball",5,3,"red","ball",36,4.66666666666667
"242","red","bird",5,3,"red","bird",83,2.5
"243","red","bird",5,3,"red","bird",83,2.5
"244","red","bird",5,3,"red","bird",83,2.5
"245","silver","car",5,3,"silver","car",10,3.5
"246","silver","car",5,3,"silver","car",10,3.5
"247","silver","car",5,3,"silver","car",10,3.5
"248","yellow","chair",5,3,"yellow","chair",3,3.25
"249","yellow","chair",5,3,"yellow","chair",3,3.25
"250","yellow","chair",5,3,"yellow","chair",3,3.25
"251","yellow","tooth",5,3,"yellow","tooth",1,3.75
"252","yellow","tooth",5,3,"yellow","tooth",1,3.75
"253","yellow","tooth",5,3,"yellow","tooth",1,3.75
"254","orange","star",5,2,"orang","star",5,1.75
"255","orange","star",5,2,"orang","star",5,1.75
"256","pink","cast",5,2,"pink","cast",1,2.5
"257","pink","cast",5,2,"pink","cast",1,2.5
"258","red","light",5,2,"red","light",71,3.5
"259","red","light",5,2,"red","light",71,3.5
"260","sweet","potato",5,2,"sweet","potato",17,2.75
"261","sweet","potato",5,2,"sweet","potato",17,2.75
"262","yellow","bus",5,2,"yellow","bu",20,4.5
"263","yellow","bus",5,2,"yellow","bu",20,4.5
"264","yellow","circle",5,2,"yellow","circl",23,4
"265","yellow","circle",5,2,"yellow","circl",23,4
"266","yellow","shoe",5,2,"yellow","shoe",6,2.25
"267","yellow","shoe",5,2,"yellow","shoe",6,2.25
"268","yellow","train",5,2,"yellow","train",4,3.5
"269","yellow","train",5,2,"yellow","train",4,3.5
"270","back","door",5,1,"back","door",2,3.25
"271","brown","bear",5,1,"brown","bear",42,5
"272","brown","crayon",5,1,"brown","crayon",3,3.25
"273","dirty","hand",5,1,"dirti","hand",30,3.5
"274","dirty","mouth",5,1,"dirti","mouth",5,4.25
"275","fat","cookie",5,1,"fat","cooki",1,2.75
"276","fat","hen",5,1,"fat","hen",2,4.75
"277","fuzzy","foot",5,1,"fuzzi","foot",4,2.75
"278","fuzzy","fur",5,1,"fuzzi","fur",2,5.25
"279","green","ball",5,1,"green","ball",34,3
"280","green","crayon",5,1,"green","crayon",17,4
"281","green","cup",5,1,"green","cup",12,3.75
"282","green","light",5,1,"green","light",114,2.25
"283","green","orange",5,1,"green","orang",4,2.25
"284","green","shoe",5,1,"green","shoe",10,2
"285","green","yogurt",5,1,"green","yogurt",1,2
"286","hot","baby",5,1,"hot","babi",5,2.25
"287","hot","coffee",5,1,"hot","coffe",9,4.75
"288","hot","steam",5,1,"hot","steam",2,6.66666666666667
"289","hot","water",5,1,"hot","water",29,5
"290","light","car",5,1,"light","car",2,3.25
"291","orange","balloon",5,1,"orang","balloon",3,2.5
"292","orange","kitty",5,1,"orang","kitti",2,2.5
"293","orange","peel",5,1,"orang","peel",1,3.25
"294","orange","shirt",5,1,"orang","shirt",9,3
"295","pink","crayon",5,1,"pink","crayon",9,2.5
"296","pink","heart",5,1,"pink","heart",7,4
"297","pink","sticker",5,1,"pink","sticker",3,3
"298","pink","triangle",5,1,"pink","triangl",1,2.5
"299","plastic","fork",5,1,"plastic","fork",1,3.75
"300","purple","ball",5,1,"purpl","ball",10,2.75
"301","purple","bowl",5,1,"purpl","bowl",2,2.5
"302","purple","cup",5,1,"purpl","cup",23,2.75
"303","purple","spaghetti",5,1,"purpl","spaghetti",3,2.5
"304","purple","top",5,1,"purpl","top",3,3.25
"305","red","bike",5,1,"red","bike",1,2.75
"306","red","butt",5,1,"red","butt",1,2
"307","red","candy",5,1,"red","candi",2,4.25
"308","red","dog",5,1,"red","dog",32,2.33333333333333
"309","red","flavor",5,1,"red","flavor",1,2.75
"310","red","hair",5,1,"red","hair",6,2.75
"311","red","hat",5,1,"red","hat",21,3.5
"312","red","heart",5,1,"red","heart",25,5.75
"313","red","house",5,1,"red","hous",4,2.25
"314","red","pancake",5,1,"red","pancak",1,2
"315","red","paper",5,1,"red","paper",2,3
"316","round","circle",5,1,"round","circl",6,7
"317","snowy","day",5,1,"snowi","dai",3,2.5
"318","wet","shirt",5,1,"wet","shirt",11,2.75
"319","wet","water",5,1,"wet","water",7,7
"320","yellow","car",5,1,"yellow","car",21,2.25
"321","yellow","cup",5,1,"yellow","cup",27,3
"322","yellow","eye",5,1,"yellow","ey",3,2.75
"323","yellow","hat",5,1,"yellow","hat",16,4
"324","yellow","juice",5,1,"yellow","juic",4,2.5
"325","yellow","noodle",5,1,"yellow","noodl",5,3.75
"326","yellow","sun",5,1,"yellow","sun",10,6.75
"327","yellow","tongue",5,1,"yellow","tongu",3,1.75
"328","red","car",6,9,"red","car",74,3
"329","red","car",6,9,"red","car",74,3
"330","red","car",6,9,"red","car",74,3
"331","red","car",6,9,"red","car",74,3
"332","red","car",6,9,"red","car",74,3
"333","red","car",6,9,"red","car",74,3
"334","red","car",6,9,"red","car",74,3
"335","red","car",6,9,"red","car",74,3
"336","red","car",6,9,"red","car",74,3
"337","green","guy",6,7,"green","gui",31,1
"338","green","guy",6,7,"green","gui",31,1
"339","green","guy",6,7,"green","gui",31,1
"340","green","guy",6,7,"green","gui",31,1
"341","green","guy",6,7,"green","gui",31,1
"342","green","guy",6,7,"green","gui",31,1
"343","green","guy",6,7,"green","gui",31,1
"344","muddy","mud",6,7,"muddi","mud",5,5.5
"345","muddy","mud",6,7,"muddi","mud",5,5.5
"346","muddy","mud",6,7,"muddi","mud",5,5.5
"347","muddy","mud",6,7,"muddi","mud",5,5.5
"348","muddy","mud",6,7,"muddi","mud",5,5.5
"349","muddy","mud",6,7,"muddi","mud",5,5.5
"350","muddy","mud",6,7,"muddi","mud",5,5.5
"351","yellow","car",6,6,"yellow","car",21,2.25
"352","yellow","car",6,6,"yellow","car",21,2.25
"353","yellow","car",6,6,"yellow","car",21,2.25
"354","yellow","car",6,6,"yellow","car",21,2.25
"355","yellow","car",6,6,"yellow","car",21,2.25
"356","yellow","car",6,6,"yellow","car",21,2.25
"357","wet","hair",6,5,"wet","hair",5,3.5
"358","wet","hair",6,5,"wet","hair",5,3.5
"359","wet","hair",6,5,"wet","hair",5,3.5
"360","wet","hair",6,5,"wet","hair",5,3.5
"361","wet","hair",6,5,"wet","hair",5,3.5
"362","dirty","foot",6,4,"dirti","foot",5,3.75
"363","dirty","foot",6,4,"dirti","foot",5,3.75
"364","dirty","foot",6,4,"dirti","foot",5,3.75
"365","dirty","foot",6,4,"dirti","foot",5,3.75
"366","green","pepper",6,3,"green","pepper",16,3.33333333333333
"367","green","pepper",6,3,"green","pepper",16,3.33333333333333
"368","green","pepper",6,3,"green","pepper",16,3.33333333333333
"369","pink","pony",6,3,"pink","poni",1,2.6
"370","pink","pony",6,3,"pink","poni",1,2.6
"371","pink","pony",6,3,"pink","poni",1,2.6
"372","red","ball",6,3,"red","ball",36,4.66666666666667
"373","red","ball",6,3,"red","ball",36,4.66666666666667
"374","red","ball",6,3,"red","ball",36,4.66666666666667
"375","red","bear",6,3,"red","bear",8,2
"376","red","bear",6,3,"red","bear",8,2
"377","red","bear",6,3,"red","bear",8,2
"378","red","cup",6,3,"red","cup",17,3.75
"379","red","cup",6,3,"red","cup",17,3.75
"380","red","cup",6,3,"red","cup",17,3.75
"381","red","pepper",6,3,"red","pepper",3,4.33333333333333
"382","red","pepper",6,3,"red","pepper",3,4.33333333333333
"383","red","pepper",6,3,"red","pepper",3,4.33333333333333
"384","dirty","water",6,2,"dirti","water",13,3.75
"385","dirty","water",6,2,"dirti","water",13,3.75
"386","green","apple",6,2,"green","appl",20,3.75
"387","green","apple",6,2,"green","appl",20,3.75
"388","green","bib",6,2,"green","bib",3,2.5
"389","green","bib",6,2,"green","bib",3,2.5
"390","green","train",6,2,"green","train",6,2.5
"391","green","train",6,2,"green","train",6,2.5
"392","green","turtle",6,2,"green","turtl",8,4
"393","green","turtle",6,2,"green","turtl",8,4
"394","hot","soup",6,2,"hot","soup",5,5.5
"395","hot","soup",6,2,"hot","soup",5,5.5
"396","orange","color",6,2,"orang","color",9,4
"397","orange","color",6,2,"orang","color",9,4
"398","purple","truck",6,2,"purpl","truck",3,2
"399","purple","truck",6,2,"purpl","truck",3,2
"400","red","bird",6,2,"red","bird",83,2.5
"401","red","bird",6,2,"red","bird",83,2.5
"402","red","circle",6,2,"red","circl",44,2.75
"403","red","circle",6,2,"red","circl",44,2.75
"404","red","grocery",6,2,"red","groceri",1,2.25
"405","red","grocery",6,2,"red","groceri",1,2.25
"406","red","park",6,2,"red","park",1,2.25
"407","red","park",6,2,"red","park",1,2.25
"408","red","store",6,2,"red","store",2,2.75
"409","red","store",6,2,"red","store",2,2.75
"410","red","tail",6,2,"red","tail",5,3.66666666666667
"411","red","tail",6,2,"red","tail",5,3.66666666666667
"412","red","truck",6,2,"red","truck",9,3.25
"413","red","truck",6,2,"red","truck",9,3.25
"414","yellow","hose",6,2,"yellow","hose",1,3
"415","yellow","hose",6,2,"yellow","hose",1,3
"416","brown","hair",6,1,"brown","hair",14,4.25
"417","brown","paper",6,1,"brown","paper",6,3.5
"418","cursive","letter",6,1,"cursiv","letter",1,3.75
"419","dark","color",6,1,"dark","color",9,4.25
"420","dead","battery",6,1,"dead","batteri",4,3.75
"421","dirty","baby",6,1,"dirti","babi",9,3.25
"422","dirty","blanket",6,1,"dirti","blanket",4,3.33333333333333
"423","dirty","hand",6,1,"dirti","hand",30,3.5
"424","dirty","shoe",6,1,"dirti","shoe",10,4
"425","fuzzy","foot",6,1,"fuzzi","foot",4,2.75
"426","green","block",6,1,"green","block",9,2.5
"427","green","bowl",6,1,"green","bowl",3,3
"428","green","button",6,1,"green","button",14,2.33333333333333
"429","green","hand",6,1,"green","hand",9,1.75
"430","green","popsicle",6,1,"green","popsicl",3,3.25
"431","green","puppy",6,1,"green","puppi",1,1
"432","green","track",6,1,"green","track",5,4.25
"433","green","truck",6,1,"green","truck",5,3
"434","hot","pot",6,1,"hot","pot",5,3.75
"435","naked","butt",6,1,"nake","butt",7,3
"436","orange","car",6,1,"orang","car",14,3.25
"437","orange","eye",6,1,"orang","ey",4,1.75
"438","orange","hat",6,1,"orang","hat",5,2.5
"439","orange","leg",6,1,"orang","leg",2,1.25
"440","orange","shoe",6,1,"orang","shoe",3,2.5
"441","pink","bag",6,1,"pink","bag",4,3
"442","pink","purse",6,1,"pink","purs",3,3.25
"443","pink","shoe",6,1,"pink","shoe",12,2.5
"444","purple","ball",6,1,"purpl","ball",10,2.75
"445","purple","bear",6,1,"purpl","bear",9,1
"446","purple","bird",6,1,"purpl","bird",10,2
"447","purple","car",6,1,"purpl","car",14,2.25
"448","purple","guy",6,1,"purpl","gui",11,1
"449","purple","kangaroo",6,1,"purpl","kangaroo",5,1
"450","purple","paper",6,1,"purpl","paper",3,2.5
"451","purple","top",6,1,"purpl","top",3,3.25
"452","red","deck",6,1,"red","deck",2,3.5
"453","red","dragon",6,1,"red","dragon",1,3
"454","red","leave",6,1,"red","leav",1,3.25
"455","red","light",6,1,"red","light",71,3.5
"456","red","milk",6,1,"red","milk",1,1
"457","red","paper",6,1,"red","paper",2,3
"458","red","reindeer",6,1,"red","reindeer",1,2.75
"459","red","shirt",6,1,"red","shirt",12,3.25
"460","red","spot",6,1,"red","spot",5,4.66666666666667
"461","red","square",6,1,"red","squar",5,3
"462","red","tongue",6,1,"red","tongu",1,2.75
"463","red","train",6,1,"red","train",4,2.5
"464","red","wheel",6,1,"red","wheel",4,3
"465","round","ball",6,1,"round","ball",2,6
"466","slippery","noodle",6,1,"slipperi","noodl",2,5
"467","sweaty","sock",6,1,"sweati","sock",2,3
"468","wet","mouth",6,1,"wet","mouth",6,5
"469","wet","rain",6,1,"wet","rain",4,7
"470","yellow","apple",6,1,"yellow","appl",2,4
"471","yellow","arm",6,1,"yellow","arm",1,2
"472","yellow","block",6,1,"yellow","block",12,2.75
"473","yellow","bowl",6,1,"yellow","bowl",7,3
"474","yellow","chicken",6,1,"yellow","chicken",5,3.66666666666667
"475","yellow","egg",6,1,"yellow","egg",3,2.75
"476","yellow","hat",6,1,"yellow","hat",16,4
"477","yellow","house",6,1,"yellow","hous",4,2.75
"478","yellow","milk",6,1,"yellow","milk",2,1.5
"479","yellow","shoe",6,1,"yellow","shoe",6,2.25
"480","yellow","truck",6,1,"yellow","truck",8,2.5
"481","green","soup",7,15,"green","soup",23,3
"482","green","soup",7,15,"green","soup",23,3
"483","green","soup",7,15,"green","soup",23,3
"484","green","soup",7,15,"green","soup",23,3
"485","green","soup",7,15,"green","soup",23,3
"486","green","soup",7,15,"green","soup",23,3
"487","green","soup",7,15,"green","soup",23,3
"488","green","soup",7,15,"green","soup",23,3
"489","green","soup",7,15,"green","soup",23,3
"490","green","soup",7,15,"green","soup",23,3
"491","green","soup",7,15,"green","soup",23,3
"492","green","soup",7,15,"green","soup",23,3
"493","green","soup",7,15,"green","soup",23,3
"494","green","soup",7,15,"green","soup",23,3
"495","green","soup",7,15,"green","soup",23,3
"496","juicy","pear",7,8,"juici","pear",3,4.5
"497","juicy","pear",7,8,"juici","pear",3,4.5
"498","juicy","pear",7,8,"juici","pear",3,4.5
"499","juicy","pear",7,8,"juici","pear",3,4.5
"500","juicy","pear",7,8,"juici","pear",3,4.5
"501","juicy","pear",7,8,"juici","pear",3,4.5
"502","juicy","pear",7,8,"juici","pear",3,4.5
"503","juicy","pear",7,8,"juici","pear",3,4.5
"504","green","guy",7,5,"green","gui",31,1
"505","green","guy",7,5,"green","gui",31,1
"506","green","guy",7,5,"green","gui",31,1
"507","green","guy",7,5,"green","gui",31,1
"508","green","guy",7,5,"green","gui",31,1
"509","red","foot",7,5,"red","foot",55,2
"510","red","foot",7,5,"red","foot",55,2
"511","red","foot",7,5,"red","foot",55,2
"512","red","foot",7,5,"red","foot",55,2
"513","red","foot",7,5,"red","foot",55,2
"514","red","guy",7,5,"red","gui",12,1.6
"515","red","guy",7,5,"red","gui",12,1.6
"516","red","guy",7,5,"red","gui",12,1.6
"517","red","guy",7,5,"red","gui",12,1.6
"518","red","guy",7,5,"red","gui",12,1.6
"519","brown","hair",7,4,"brown","hair",14,4.25
"520","brown","hair",7,4,"brown","hair",14,4.25
"521","brown","hair",7,4,"brown","hair",14,4.25
"522","brown","hair",7,4,"brown","hair",14,4.25
"523","red","cheese",7,4,"red","chees",3,1.25
"524","red","cheese",7,4,"red","chees",3,1.25
"525","red","cheese",7,4,"red","chees",3,1.25
"526","red","cheese",7,4,"red","chees",3,1.25
"527","sunny","day",7,4,"sunni","dai",21,4.25
"528","sunny","day",7,4,"sunni","dai",21,4.25
"529","sunny","day",7,4,"sunni","dai",21,4.25
"530","sunny","day",7,4,"sunni","dai",21,4.25
"531","brown","bear",7,3,"brown","bear",42,5
"532","brown","bear",7,3,"brown","bear",42,5
"533","brown","bear",7,3,"brown","bear",42,5
"534","brown","eye",7,3,"brown","ey",16,3.33333333333333
"535","brown","eye",7,3,"brown","ey",16,3.33333333333333
"536","brown","eye",7,3,"brown","ey",16,3.33333333333333
"537","curly","hair",7,3,"curli","hair",15,3.25
"538","curly","hair",7,3,"curli","hair",15,3.25
"539","curly","hair",7,3,"curli","hair",15,3.25
"540","flat","tire",7,3,"flat","tire",8,2.75
"541","flat","tire",7,3,"flat","tire",8,2.75
"542","flat","tire",7,3,"flat","tire",8,2.75
"543","giant","juice",7,3,"giant","juic",10,1.25
"544","giant","juice",7,3,"giant","juic",10,1.25
"545","giant","juice",7,3,"giant","juic",10,1.25
"546","green","pea",7,3,"green","pea",4,5.5
"547","green","pea",7,3,"green","pea",4,5.5
"548","green","pea",7,3,"green","pea",4,5.5
"549","green","pig",7,3,"green","pig",3,1.25
"550","green","pig",7,3,"green","pig",3,1.25
"551","green","pig",7,3,"green","pig",3,1.25
"552","green","plate",7,3,"green","plate",7,3
"553","green","plate",7,3,"green","plate",7,3
"554","green","plate",7,3,"green","plate",7,3
"555","pink","cup",7,3,"pink","cup",10,3
"556","pink","cup",7,3,"pink","cup",10,3
"557","pink","cup",7,3,"pink","cup",10,3
"558","red","flag",7,3,"red","flag",3,3
"559","red","flag",7,3,"red","flag",3,3
"560","red","flag",7,3,"red","flag",3,3
"561","red","wheel",7,3,"red","wheel",4,3
"562","red","wheel",7,3,"red","wheel",4,3
"563","red","wheel",7,3,"red","wheel",4,3
"564","rubber","band",7,3,"rubber","band",5,3.5
"565","rubber","band",7,3,"rubber","band",5,3.5
"566","rubber","band",7,3,"rubber","band",5,3.5
"567","wooden","tooth",7,3,"wooden","tooth",2,1.75
"568","wooden","tooth",7,3,"wooden","tooth",2,1.75
"569","wooden","tooth",7,3,"wooden","tooth",2,1.75
"570","yellow","car",7,3,"yellow","car",21,2.25
"571","yellow","car",7,3,"yellow","car",21,2.25
"572","yellow","car",7,3,"yellow","car",21,2.25
"573","yellow","pin",7,3,"yellow","pin",1,3
"574","yellow","pin",7,3,"yellow","pin",1,3
"575","yellow","pin",7,3,"yellow","pin",1,3
"576","green","bubble",7,2,"green","bubbl",1,2.66666666666667
"577","green","bubble",7,2,"green","bubbl",1,2.66666666666667
"578","green","eye",7,2,"green","ey",4,3
"579","green","eye",7,2,"green","ey",4,3
"580","green","fish",7,2,"green","fish",16,2.5
"581","green","fish",7,2,"green","fish",16,2.5
"582","grey","dog",7,2,"grei","dog",2,3
"583","grey","dog",7,2,"grei","dog",2,3
"584","pink","flower",7,2,"pink","flower",8,3.5
"585","pink","flower",7,2,"pink","flower",8,3.5
"586","purple","guy",7,2,"purpl","gui",11,1
"587","purple","guy",7,2,"purpl","gui",11,1
"588","purple","necklace",7,2,"purpl","necklac",2,3
"589","purple","necklace",7,2,"purpl","necklac",2,3
"590","purple","wheel",7,2,"purpl","wheel",1,2.5
"591","purple","wheel",7,2,"purpl","wheel",1,2.5
"592","red","cup",7,2,"red","cup",17,3.75
"593","red","cup",7,2,"red","cup",17,3.75
"594","yellow","chicken",7,2,"yellow","chicken",5,3.66666666666667
"595","yellow","chicken",7,2,"yellow","chicken",5,3.66666666666667
"596","yellow","duck",7,2,"yellow","duck",56,5
"597","yellow","duck",7,2,"yellow","duck",56,5
"598","yellow","fish",7,2,"yellow","fish",19,3.25
"599","yellow","fish",7,2,"yellow","fish",19,3.25
"600","blonde","hair",7,1,"blond","hair",13,3.22222222222222
"601","dark","orange",7,1,"dark","orang",1,3.25
"602","fat","body",7,1,"fat","bodi",3,4
"603","fat","cat",7,1,"fat","cat",1,4
"604","fat","pig",7,1,"fat","pig",3,6
"605","green","airplane",7,1,"green","airplan",3,2
"606","green","ball",7,1,"green","ball",34,3
"607","green","block",7,1,"green","block",9,2.5
"608","green","chair",7,1,"green","chair",6,2.75
"609","green","cheese",7,1,"green","chees",3,2
"610","green","color",7,1,"green","color",16,4
"611","green","cookie",7,1,"green","cooki",1,2.25
"612","green","crayon",7,1,"green","crayon",17,4
"613","green","dinosaur",7,1,"green","dinosaur",1,5.25
"614","green","ear",7,1,"green","ear",4,1.25
"615","green","egg",7,1,"green","egg",70,1.25
"616","green","grape",7,1,"green","grape",1,4.25
"617","green","ham",7,1,"green","ham",50,1.75
"618","green","heart",7,1,"green","heart",1,1.5
"619","green","truck",7,1,"green","truck",5,3
"620","green","tube",7,1,"green","tube",1,3.5
"621","green","water",7,1,"green","water",2,2.75
"622","hot","body",7,1,"hot","bodi",4,3.25
"623","hot","broccoli",7,1,"hot","broccoli",2,5
"624","hot","fan",7,1,"hot","fan",1,2.33333333333333
"625","hot","fire",7,1,"hot","fire",1,6.75
"626","hot","slide",7,1,"hot","slide",4,3
"627","hot","tea",7,1,"hot","tea",22,4.5
"628","hot","tongue",7,1,"hot","tongu",1,2.25
"629","orange","block",7,1,"orang","block",1,3.75
"630","orange","carrot",7,1,"orang","carrot",4,5.75
"631","orange","egg",7,1,"orang","egg",2,2
"632","orange","hair",7,1,"orang","hair",3,2.25
"633","orange","leg",7,1,"orang","leg",2,1.25
"634","orange","monkey",7,1,"orang","monkei",1,1.75
"635","orange","screw",7,1,"orang","screw",9,1.75
"636","orange","snack",7,1,"orang","snack",1,2.5
"637","orange","tiger",7,1,"orang","tiger",2,4.75
"638","pink","pig",7,1,"pink","pig",11,5.5
"639","pink","pillow",7,1,"pink","pillow",1,3.5
"640","pink","princess",7,1,"pink","princess",1,3.5
"641","pink","purple",7,1,"pink","purpl",5,1.66666666666667
"642","pink","snail",7,1,"pink","snail",1,2.25
"643","purple","ball",7,1,"purpl","ball",10,2.75
"644","purple","bat",7,1,"purpl","bat",1,1.75
"645","purple","bear",7,1,"purpl","bear",9,1
"646","purple","crayon",7,1,"purpl","crayon",16,4
"647","purple","grape",7,1,"purpl","grape",7,4.5
"648","purple","hat",7,1,"purpl","hat",11,3.25
"649","purple","screw",7,1,"purpl","screw",4,2
"650","purple","snake",7,1,"purpl","snake",4,1.75
"651","purple","star",7,1,"purpl","star",4,2.5
"652","raspberry","yogurt",7,1,"raspberri","yogurt",3,3
"653","red","apple",7,1,"red","appl",37,5.25
"654","red","boot",7,1,"red","boot",1,3.5
"655","red","bug",7,1,"red","bug",2,3.25
"656","red","butterfly",7,1,"red","butterfli",1,2
"657","red","cab",7,1,"red","cab",3,2.25
"658","red","circle",7,1,"red","circl",44,2.75
"659","red","cookie",7,1,"red","cooki",6,1.66666666666667
"660","red","eye",7,1,"red","ey",10,2.66666666666667
"661","red","hair",7,1,"red","hair",6,2.75
"662","red","heart",7,1,"red","heart",25,5.75
"663","red","juice",7,1,"red","juic",1,3.66666666666667
"664","red","ocean",7,1,"red","ocean",1,1.75
"665","red","pancake",7,1,"red","pancak",1,2
"666","red","shoe",7,1,"red","shoe",11,4
"667","top","bunk",7,1,"top","bunk",3,4.25
"668","wet","car",7,1,"wet","car",1,3.25
"669","wet","towel",7,1,"wet","towel",8,4.5
"670","yellow","bird",7,1,"yellow","bird",12,3
"671","yellow","block",7,1,"yellow","block",12,2.75
"672","yellow","circle",7,1,"yellow","circl",23,4
"673","yellow","dress",7,1,"yellow","dress",3,3.25
"674","yellow","eye",7,1,"yellow","ey",3,2.75
"675","yellow","hair",7,1,"yellow","hair",6,2.75
"676","yellow","lip",7,1,"yellow","lip",1,1.75
"677","yellow","pig",7,1,"yellow","pig",2,1.5
"678","yellow","star",7,1,"yellow","star",13,4.25
"679","yellow","sun",7,1,"yellow","sun",10,6.75
"680","yellow","tape",7,1,"yellow","tape",1,3.75
"681","flat","tire",8,8,"flat","tire",8,2.75
"682","flat","tire",8,8,"flat","tire",8,2.75
"683","flat","tire",8,8,"flat","tire",8,2.75
"684","flat","tire",8,8,"flat","tire",8,2.75
"685","flat","tire",8,8,"flat","tire",8,2.75
"686","flat","tire",8,8,"flat","tire",8,2.75
"687","flat","tire",8,8,"flat","tire",8,2.75
"688","flat","tire",8,8,"flat","tire",8,2.75
"689","red","shoe",8,7,"red","shoe",11,4
"690","red","shoe",8,7,"red","shoe",11,4
"691","red","shoe",8,7,"red","shoe",11,4
"692","red","shoe",8,7,"red","shoe",11,4
"693","red","shoe",8,7,"red","shoe",11,4
"694","red","shoe",8,7,"red","shoe",11,4
"695","red","shoe",8,7,"red","shoe",11,4
"696","dirty","sock",8,6,"dirti","sock",10,3
"697","dirty","sock",8,6,"dirti","sock",10,3
"698","dirty","sock",8,6,"dirti","sock",10,3
"699","dirty","sock",8,6,"dirti","sock",10,3
"700","dirty","sock",8,6,"dirti","sock",10,3
"701","dirty","sock",8,6,"dirti","sock",10,3
"702","green","book",8,6,"green","book",4,2.75
"703","green","book",8,6,"green","book",4,2.75
"704","green","book",8,6,"green","book",4,2.75
"705","green","book",8,6,"green","book",4,2.75
"706","green","book",8,6,"green","book",4,2.75
"707","green","book",8,6,"green","book",4,2.75
"708","sweet","baby",8,6,"sweet","babi",4,3.75
"709","sweet","baby",8,6,"sweet","babi",4,3.75
"710","sweet","baby",8,6,"sweet","babi",4,3.75
"711","sweet","baby",8,6,"sweet","babi",4,3.75
"712","sweet","baby",8,6,"sweet","babi",4,3.75
"713","sweet","baby",8,6,"sweet","babi",4,3.75
"714","green","dinosaur",8,5,"green","dinosaur",1,5.25
"715","green","dinosaur",8,5,"green","dinosaur",1,5.25
"716","green","dinosaur",8,5,"green","dinosaur",1,5.25
"717","green","dinosaur",8,5,"green","dinosaur",1,5.25
"718","green","dinosaur",8,5,"green","dinosaur",1,5.25
"719","green","grass",8,5,"green","grass",13,6.5
"720","green","grass",8,5,"green","grass",13,6.5
"721","green","grass",8,5,"green","grass",13,6.5
"722","green","grass",8,5,"green","grass",13,6.5
"723","green","grass",8,5,"green","grass",13,6.5
"724","orange","orange",8,5,"orang","orang",15,5.5
"725","orange","orange",8,5,"orang","orang",15,5.5
"726","orange","orange",8,5,"orang","orang",15,5.5
"727","orange","orange",8,5,"orang","orang",15,5.5
"728","orange","orange",8,5,"orang","orang",15,5.5
"729","square","triangle",8,5,"squar","triangl",9,1
"730","square","triangle",8,5,"squar","triangl",9,1
"731","square","triangle",8,5,"squar","triangl",9,1
"732","square","triangle",8,5,"squar","triangl",9,1
"733","square","triangle",8,5,"squar","triangl",9,1
"734","green","light",8,4,"green","light",114,2.25
"735","green","light",8,4,"green","light",114,2.25
"736","green","light",8,4,"green","light",114,2.25
"737","green","light",8,4,"green","light",114,2.25
"738","hot","tea",8,4,"hot","tea",22,4.5
"739","hot","tea",8,4,"hot","tea",22,4.5
"740","hot","tea",8,4,"hot","tea",22,4.5
"741","hot","tea",8,4,"hot","tea",22,4.5
"742","dark","green",8,3,"dark","green",6,4
"743","dark","green",8,3,"dark","green",6,4
"744","dark","green",8,3,"dark","green",6,4
"745","green","alligator",8,3,"green","allig",2,4.75
"746","green","alligator",8,3,"green","allig",2,4.75
"747","green","alligator",8,3,"green","allig",2,4.75
"748","hot","water",8,3,"hot","water",29,5
"749","hot","water",8,3,"hot","water",29,5
"750","hot","water",8,3,"hot","water",29,5
"751","pink","bowl",8,3,"pink","bowl",1,3.25
"752","pink","bowl",8,3,"pink","bowl",1,3.25
"753","pink","bowl",8,3,"pink","bowl",1,3.25
"754","red","button",8,3,"red","button",15,3
"755","red","button",8,3,"red","button",15,3
"756","red","button",8,3,"red","button",15,3
"757","red","light",8,3,"red","light",71,3.5
"758","red","light",8,3,"red","light",71,3.5
"759","red","light",8,3,"red","light",71,3.5
"760","yellow","ball",8,3,"yellow","ball",24,3
"761","yellow","ball",8,3,"yellow","ball",24,3
"762","yellow","ball",8,3,"yellow","ball",24,3
"763","colored","paper",8,2,"color","paper",4,4.5
"764","colored","paper",8,2,"color","paper",4,4.5
"765","green","eye",8,2,"green","ey",4,3
"766","green","eye",8,2,"green","ey",4,3
"767","green","track",8,2,"green","track",5,4.25
"768","green","track",8,2,"green","track",5,4.25
"769","hairy","spider",8,2,"hairi","spider",4,5
"770","hairy","spider",8,2,"hairi","spider",4,5
"771","orange","fish",8,2,"orang","fish",28,3.25
"772","orange","fish",8,2,"orang","fish",28,3.25
"773","pink","hair",8,2,"pink","hair",7,2.5
"774","pink","hair",8,2,"pink","hair",7,2.5
"775","purple","dinosaur",8,2,"purpl","dinosaur",1,1.33333333333333
"776","purple","dinosaur",8,2,"purpl","dinosaur",1,1.33333333333333
"777","purple","girl",8,2,"purpl","girl",1,2
"778","purple","girl",8,2,"purpl","girl",1,2
"779","purple","paint",8,2,"purpl","paint",3,3
"780","purple","paint",8,2,"purpl","paint",3,3
"781","purple","shoe",8,2,"purpl","shoe",6,3
"782","purple","shoe",8,2,"purpl","shoe",6,3
"783","red","cake",8,2,"red","cake",3,2.5
"784","red","cake",8,2,"red","cake",3,2.5
"785","red","cheek",8,2,"red","cheek",1,2.66666666666667
"786","red","cheek",8,2,"red","cheek",1,2.66666666666667
"787","red","house",8,2,"red","hous",4,2.25
"788","red","house",8,2,"red","hous",4,2.25
"789","red","train",8,2,"red","train",4,2.5
"790","red","train",8,2,"red","train",4,2.5
"791","wet","water",8,2,"wet","water",7,7
"792","wet","water",8,2,"wet","water",7,7
"793","yellow","crayon",8,2,"yellow","crayon",12,3.25
"794","yellow","crayon",8,2,"yellow","crayon",12,3.25
"795","yellow","light",8,2,"yellow","light",4,3.66666666666667
"796","yellow","light",8,2,"yellow","light",4,3.66666666666667
"797","yellow","shoe",8,2,"yellow","shoe",6,2.25
"798","yellow","shoe",8,2,"yellow","shoe",6,2.25
"799","bright","color",8,1,"bright","color",12,3.5
"800","bright","sun",8,1,"bright","sun",9,5.25
"801","brown","beard",8,1,"brown","beard",1,4
"802","brown","boot",8,1,"brown","boot",1,3.5
"803","brown","crayon",8,1,"brown","crayon",3,3.25
"804","brown","eye",8,1,"brown","ey",16,3.33333333333333
"805","brown","hair",8,1,"brown","hair",14,4.25
"806","brown","mud",8,1,"brown","mud",1,5
"807","dark","color",8,1,"dark","color",9,4.25
"808","dead","person",8,1,"dead","person",1,2.75
"809","fat","finger",8,1,"fat","finger",2,4
"810","green","apple",8,1,"green","appl",20,3.75
"811","green","ball",8,1,"green","ball",34,3
"812","green","bird",8,1,"green","bird",9,2.75
"813","green","block",8,1,"green","block",9,2.5
"814","green","boat",8,1,"green","boat",5,3
"815","green","bowling",8,1,"green","bowl",3,3
"816","green","ear",8,1,"green","ear",4,1.25
"817","green","horse",8,1,"green","hors",8,1
"818","green","mouth",8,1,"green","mouth",3,1.5
"819","green","pepper",8,1,"green","pepper",16,3.33333333333333
"820","green","water",8,1,"green","water",2,2.75
"821","grey","elephant",8,1,"grei","eleph",1,6
"822","grey","piece",8,1,"grei","piec",2,2.75
"823","hot","cookie",8,1,"hot","cooki",6,4.5
"824","hot","dough",8,1,"hot","dough",1,2.5
"825","orange","bird",8,1,"orang","bird",4,2.33333333333333
"826","orange","cup",8,1,"orang","cup",8,2.8
"827","orange","truck",8,1,"orang","truck",8,2.5
"828","pink","pig",8,1,"pink","pig",11,5.5
"829","pink","purple",8,1,"pink","purpl",5,1.66666666666667
"830","pink","rake",8,1,"pink","rake",2,1.75
"831","pink","scooter",8,1,"pink","scooter",1,2.75
"832","pink","window",8,1,"pink","window",1,2.25
"833","pink","worm",8,1,"pink","worm",1,4.25
"834","purple","ball",8,1,"purpl","ball",10,2.75
"835","purple","bottle",8,1,"purpl","bottl",1,2.25
"836","purple","crayon",8,1,"purpl","crayon",16,4
"837","purple","eye",8,1,"purpl","ey",5,1.33333333333333
"838","purple","night",8,1,"purpl","night",1,2
"839","purple","star",8,1,"purpl","star",4,2.5
"840","red","ball",8,1,"red","ball",36,4.66666666666667
"841","red","book",8,1,"red","book",8,3
"842","red","bowling",8,1,"red","bowl",2,2.75
"843","red","boy",8,1,"red","boi",2,1
"844","red","bucket",8,1,"red","bucket",7,3.4
"845","red","car",8,1,"red","car",74,3
"846","red","dinosaur",8,1,"red","dinosaur",5,2
"847","red","eye",8,1,"red","ey",10,2.66666666666667
"848","red","jacket",8,1,"red","jacket",1,2.5
"849","red","nose",8,1,"red","nose",17,2
"850","red","pepper",8,1,"red","pepper",3,4.33333333333333
"851","red","tongue",8,1,"red","tongu",1,2.75
"852","red","truck",8,1,"red","truck",9,3.25
"853","sweet","girl",8,1,"sweet","girl",3,3.25
"854","wet","dress",8,1,"wet","dress",1,2
"855","wet","game",8,1,"wet","game",1,2.25
"856","wet","glue",8,1,"wet","glue",2,5.33333333333333
"857","wet","hand",8,1,"wet","hand",19,3
"858","yellow","box",8,1,"yellow","box",4,3
"859","yellow","bus",8,1,"yellow","bu",20,4.5
"860","yellow","eye",8,1,"yellow","ey",3,2.75
"861","yellow","hair",8,1,"yellow","hair",6,2.75
"862","yellow","horse",8,1,"yellow","hors",8,1.33333333333333
"863","yellow","knight",8,1,"yellow","knight",2,1.66666666666667
"864","yellow","shirt",8,1,"yellow","shirt",6,3.5
"865","yellow","train",8,1,"yellow","train",4,3.5
"866","brown","sugar",9,9,"brown","sugar",10,4.33333333333333
"867","brown","sugar",9,9,"brown","sugar",10,4.33333333333333
"868","brown","sugar",9,9,"brown","sugar",10,4.33333333333333
"869","brown","sugar",9,9,"brown","sugar",10,4.33333333333333
"870","brown","sugar",9,9,"brown","sugar",10,4.33333333333333
"871","brown","sugar",9,9,"brown","sugar",10,4.33333333333333
"872","brown","sugar",9,9,"brown","sugar",10,4.33333333333333
"873","brown","sugar",9,9,"brown","sugar",10,4.33333333333333
"874","brown","sugar",9,9,"brown","sugar",10,4.33333333333333
"875","brown","eye",9,5,"brown","ey",16,3.33333333333333
"876","brown","eye",9,5,"brown","ey",16,3.33333333333333
"877","brown","eye",9,5,"brown","ey",16,3.33333333333333
"878","brown","eye",9,5,"brown","ey",16,3.33333333333333
"879","brown","eye",9,5,"brown","ey",16,3.33333333333333
"880","green","bean",9,4,"green","bean",11,4
"881","green","bean",9,4,"green","bean",11,4
"882","green","bean",9,4,"green","bean",11,4
"883","green","bean",9,4,"green","bean",11,4
"884","wet","sand",9,4,"wet","sand",12,3.75
"885","wet","sand",9,4,"wet","sand",12,3.75
"886","wet","sand",9,4,"wet","sand",12,3.75
"887","wet","sand",9,4,"wet","sand",12,3.75
"888","brown","milk",9,3,"brown","milk",1,2
"889","brown","milk",9,3,"brown","milk",1,2
"890","brown","milk",9,3,"brown","milk",1,2
"891","gold","shoe",9,3,"gold","shoe",2,2.75
"892","gold","shoe",9,3,"gold","shoe",2,2.75
"893","gold","shoe",9,3,"gold","shoe",2,2.75
"894","green","person",9,3,"green","person",2,1
"895","green","person",9,3,"green","person",2,1
"896","green","person",9,3,"green","person",2,1
"897","hot","pickle",9,3,"hot","pickl",4,2.66666666666667
"898","hot","pickle",9,3,"hot","pickl",4,2.66666666666667
"899","hot","pickle",9,3,"hot","pickl",4,2.66666666666667
"900","hot","water",9,3,"hot","water",29,5
"901","hot","water",9,3,"hot","water",29,5
"902","hot","water",9,3,"hot","water",29,5
"903","red","car",9,3,"red","car",74,3
"904","red","car",9,3,"red","car",74,3
"905","red","car",9,3,"red","car",74,3
"906","red","cow",9,3,"red","cow",4,2
"907","red","cow",9,3,"red","cow",4,2
"908","red","cow",9,3,"red","cow",4,2
"909","red","guy",9,3,"red","gui",12,1.6
"910","red","guy",9,3,"red","gui",12,1.6
"911","red","guy",9,3,"red","gui",12,1.6
"912","red","shirt",9,3,"red","shirt",12,3.25
"913","red","shirt",9,3,"red","shirt",12,3.25
"914","red","shirt",9,3,"red","shirt",12,3.25
"915","red","truck",9,3,"red","truck",9,3.25
"916","red","truck",9,3,"red","truck",9,3.25
"917","red","truck",9,3,"red","truck",9,3.25
"918","dirty","foot",9,2,"dirti","foot",5,3.75
"919","dirty","foot",9,2,"dirti","foot",5,3.75
"920","dirty","park",9,2,"dirti","park",2,3.33333333333333
"921","dirty","park",9,2,"dirti","park",2,3.33333333333333
"922","dirty","slide",9,2,"dirti","slide",1,3.75
"923","dirty","slide",9,2,"dirti","slide",1,3.75
"924","green","frog",9,2,"green","frog",61,6.33333333333333
"925","green","frog",9,2,"green","frog",61,6.33333333333333
"926","hot","chicken",9,2,"hot","chicken",4,4.5
"927","hot","chicken",9,2,"hot","chicken",4,4.5
"928","orange","truck",9,2,"orang","truck",8,2.5
"929","orange","truck",9,2,"orang","truck",8,2.5
"930","pink","box",9,2,"pink","box",1,2.5
"931","pink","box",9,2,"pink","box",1,2.5
"932","pink","chair",9,2,"pink","chair",3,2.25
"933","pink","chair",9,2,"pink","chair",3,2.25
"934","red","cape",9,2,"red","cape",5,3.5
"935","red","cape",9,2,"red","cape",5,3.5
"936","red","hair",9,2,"red","hair",6,2.75
"937","red","hair",9,2,"red","hair",6,2.75
"938","wet","diaper",9,2,"wet","diaper",6,4
"939","wet","diaper",9,2,"wet","diaper",6,4
"940","yellow","airplane",9,2,"yellow","airplan",1,3
"941","yellow","airplane",9,2,"yellow","airplan",1,3
"942","yellow","truck",9,2,"yellow","truck",8,2.5
"943","yellow","truck",9,2,"yellow","truck",8,2.5
"944","blonde","hair",9,1,"blond","hair",13,3.22222222222222
"945","brown","hair",9,1,"brown","hair",14,4.25
"946","dark","bed",9,1,"dark","bed",1,4
"947","dark","eye",9,1,"dark","ey",3,3.75
"948","dark","glass",9,1,"dark","glass",1,2.5
"949","dark","night",9,1,"dark","night",2,6.5
"950","dead","battery",9,1,"dead","batteri",4,3.75
"951","dead","turtle",9,1,"dead","turtl",1,3
"952","fat","belly",9,1,"fat","belli",1,4.5
"953","fat","bunny",9,1,"fat","bunni",1,3.66666666666667
"954","flat","surface",9,1,"flat","surfac",3,4.25
"955","flat","tire",9,1,"flat","tire",8,2.75
"956","giant","worm",9,1,"giant","worm",1,3
"957","green","ball",9,1,"green","ball",34,3
"958","green","guy",9,1,"green","gui",31,1
"959","green","orange",9,1,"green","orang",4,2.25
"960","green","stripe",9,1,"green","stripe",1,2.5
"961","hot","chip",9,1,"hot","chip",1,2.75
"962","hot","egg",9,1,"hot","egg",6,4.25
"963","hot","fire",9,1,"hot","fire",1,6.75
"964","hot","foot",9,1,"hot","foot",7,2.25
"965","hot","juice",9,1,"hot","juic",1,2.25
"966","hot","milk",9,1,"hot","milk",1,2.6
"967","hot","soup",9,1,"hot","soup",5,5.5
"968","juicy","worm",9,1,"juici","worm",1,4.25
"969","naked","butt",9,1,"nake","butt",7,3
"970","orange","body",9,1,"orang","bodi",1,1.75
"971","orange","cup",9,1,"orang","cup",8,2.8
"972","orange","dress",9,1,"orang","dress",1,3
"973","orange","ear",9,1,"orang","ear",3,1
"974","orange","girl",9,1,"orang","girl",1,1
"975","orange","nose",9,1,"orang","nose",5,1.5
"976","pink","color",9,1,"pink","color",8,2.5
"977","pink","crayon",9,1,"pink","crayon",9,2.5
"978","pink","ear",9,1,"pink","ear",18,3
"979","pink","eye",9,1,"pink","ey",3,2
"980","pink","juice",9,1,"pink","juic",1,3
"981","pink","purple",9,1,"pink","purpl",5,1.66666666666667
"982","purple","hat",9,1,"purpl","hat",11,3.25
"983","purple","house",9,1,"purpl","hous",1,2.25
"984","purple","pepper",9,1,"purpl","pepper",1,1.5
"985","purple","water",9,1,"purpl","water",1,1.25
"986","purple","wiggle",9,1,"purpl","wiggl",2,2.25
"987","red","apple",9,1,"red","appl",37,5.25
"988","red","bed",9,1,"red","bed",4,3.25
"989","red","bowl",9,1,"red","bowl",2,2.75
"990","red","clay",9,1,"red","clai",4,5
"991","red","head",9,1,"red","head",2,2.75
"992","round","circle",9,1,"round","circl",6,7
"993","rubber","shoe",9,1,"rubber","shoe",1,3.75
"994","sunny","cloud",9,1,"sunni","cloud",1,1
"995","sunny","sun",9,1,"sunni","sun",2,7
"996","wet","hair",9,1,"wet","hair",5,3.5
"997","wet","hand",9,1,"wet","hand",19,3
"998","wet","house",9,1,"wet","hous",3,2.25
"999","wet","shirt",9,1,"wet","shirt",11,2.75
"1000","wet","shoe",9,1,"wet","shoe",8,3
"1001","wooden","chair",9,1,"wooden","chair",1,5
"1002","wooden","piece",9,1,"wooden","piec",2,3.5
"1003","yellow","car",9,1,"yellow","car",21,2.25
"1004","yellow","couch",9,1,"yellow","couch",3,2.75
"1005","yellow","shirt",9,1,"yellow","shirt",6,3.5
"1006","yellow","stick",9,1,"yellow","stick",1,3
"1007","yellow","submarine",9,1,"yellow","submarin",1,2.25
"1008","red","light",10,8,"red","light",71,3.5
"1009","red","light",10,8,"red","light",71,3.5
"1010","red","light",10,8,"red","light",71,3.5
"1011","red","light",10,8,"red","light",71,3.5
"1012","red","light",10,8,"red","light",71,3.5
"1013","red","light",10,8,"red","light",71,3.5
"1014","red","light",10,8,"red","light",71,3.5
"1015","red","light",10,8,"red","light",71,3.5
"1016","green","apple",10,6,"green","appl",20,3.75
"1017","green","apple",10,6,"green","appl",20,3.75
"1018","green","apple",10,6,"green","appl",20,3.75
"1019","green","apple",10,6,"green","appl",20,3.75
"1020","green","apple",10,6,"green","appl",20,3.75
"1021","green","apple",10,6,"green","appl",20,3.75
"1022","red","knight",10,5,"red","knight",1,3.33333333333333
"1023","red","knight",10,5,"red","knight",1,3.33333333333333
"1024","red","knight",10,5,"red","knight",1,3.33333333333333
"1025","red","knight",10,5,"red","knight",1,3.33333333333333
"1026","red","knight",10,5,"red","knight",1,3.33333333333333
"1027","green","light",10,4,"green","light",114,2.25
"1028","green","light",10,4,"green","light",114,2.25
"1029","green","light",10,4,"green","light",114,2.25
"1030","green","light",10,4,"green","light",114,2.25
"1031","hip","bone",10,4,"hip","bone",3,2.75
"1032","hip","bone",10,4,"hip","bone",3,2.75
"1033","hip","bone",10,4,"hip","bone",3,2.75
"1034","hip","bone",10,4,"hip","bone",3,2.75
"1035","pink","ear",10,4,"pink","ear",18,3
"1036","pink","ear",10,4,"pink","ear",18,3
"1037","pink","ear",10,4,"pink","ear",18,3
"1038","pink","ear",10,4,"pink","ear",18,3
"1039","yellow","egg",10,4,"yellow","egg",3,2.75
"1040","yellow","egg",10,4,"yellow","egg",3,2.75
"1041","yellow","egg",10,4,"yellow","egg",3,2.75
"1042","yellow","egg",10,4,"yellow","egg",3,2.75
"1043","green","car",10,3,"green","car",25,3.5
"1044","green","car",10,3,"green","car",25,3.5
"1045","green","car",10,3,"green","car",25,3.5
"1046","green","pepper",10,3,"green","pepper",16,3.33333333333333
"1047","green","pepper",10,3,"green","pepper",16,3.33333333333333
"1048","green","pepper",10,3,"green","pepper",16,3.33333333333333
"1049","hot","tub",10,3,"hot","tub",12,3
"1050","hot","tub",10,3,"hot","tub",12,3
"1051","hot","tub",10,3,"hot","tub",12,3
"1052","red","apple",10,3,"red","appl",37,5.25
"1053","red","apple",10,3,"red","appl",37,5.25
"1054","red","apple",10,3,"red","appl",37,5.25
"1055","red","piece",10,3,"red","piec",14,3.75
"1056","red","piece",10,3,"red","piec",14,3.75
"1057","red","piece",10,3,"red","piec",14,3.75
"1058","yellow","guy",10,3,"yellow","gui",13,2
"1059","yellow","guy",10,3,"yellow","gui",13,2
"1060","yellow","guy",10,3,"yellow","gui",13,2
"1061","brown","hair",10,2,"brown","hair",14,4.25
"1062","brown","hair",10,2,"brown","hair",14,4.25
"1063","colored","light",10,2,"color","light",2,3.66666666666667
"1064","colored","light",10,2,"color","light",2,3.66666666666667
"1065","dead","leaf",10,2,"dead","leaf",5,3.5
"1066","dead","leaf",10,2,"dead","leaf",5,3.5
"1067","dirty","suit",10,2,"dirti","suit",4,4.25
"1068","dirty","suit",10,2,"dirti","suit",4,4.25
"1069","dirty","water",10,2,"dirti","water",13,3.75
"1070","dirty","water",10,2,"dirti","water",13,3.75
"1071","green","circle",10,2,"green","circl",22,3
"1072","green","circle",10,2,"green","circl",22,3
"1073","hot","soup",10,2,"hot","soup",5,5.5
"1074","hot","soup",10,2,"hot","soup",5,5.5
"1075","orange","bag",10,2,"orang","bag",2,2.66666666666667
"1076","orange","bag",10,2,"orang","bag",2,2.66666666666667
"1077","orange","guy",10,2,"orang","gui",2,1.75
"1078","orange","guy",10,2,"orang","gui",2,1.75
"1079","orange","skin",10,2,"orang","skin",1,2.25
"1080","orange","skin",10,2,"orang","skin",1,2.25
"1081","purple","onion",10,2,"purpl","onion",1,3.75
"1082","purple","onion",10,2,"purpl","onion",1,3.75
"1083","purple","snake",10,2,"purpl","snake",4,1.75
"1084","purple","snake",10,2,"purpl","snake",4,1.75
"1085","red","paper",10,2,"red","paper",2,3
"1086","red","paper",10,2,"red","paper",2,3
"1087","red","strawberry",10,2,"red","strawberri",10,5.5
"1088","red","strawberry",10,2,"red","strawberri",10,5.5
"1089","wet","swing",10,2,"wet","swing",1,2.75
"1090","wet","swing",10,2,"wet","swing",1,2.75
"1091","yellow","knight",10,2,"yellow","knight",2,1.66666666666667
"1092","yellow","knight",10,2,"yellow","knight",2,1.66666666666667
"1093","brown","dog",10,1,"brown","dog",7,4.5
"1094","brown","train",10,1,"brown","train",1,2.5
"1095","colored","glue",10,1,"color","glue",1,2
"1096","dead","battery",10,1,"dead","batteri",4,3.75
"1097","dead","person",10,1,"dead","person",1,2.75
"1098","dirty","ground",10,1,"dirti","ground",3,5.25
"1099","dirty","hamper",10,1,"dirti","hamper",1,5
"1100","dirty","sleeve",10,1,"dirti","sleev",1,2.75
"1101","flat","piece",10,1,"flat","piec",17,3.75
"1102","gold","coin",10,1,"gold","coin",2,4
"1103","green","box",10,1,"green","box",12,2.75
"1104","green","cat",10,1,"green","cat",6,1.66666666666667
"1105","green","crayon",10,1,"green","crayon",17,4
"1106","green","elbow",10,1,"green","elbow",1,1.25
"1107","green","frosting",10,1,"green","frost",4,2.75
"1108","green","heart",10,1,"green","heart",1,1.5
"1109","green","stripe",10,1,"green","stripe",1,2.5
"1110","green","top",10,1,"green","top",7,2.75
"1111","hot","air",10,1,"hot","air",34,3.75
"1112","hot","ear",10,1,"hot","ear",1,1.75
"1113","hot","foot",10,1,"hot","foot",7,2.25
"1114","hot","oil",10,1,"hot","oil",1,3.5
"1115","hot","pot",10,1,"hot","pot",5,3.75
"1116","hot","tea",10,1,"hot","tea",22,4.5
"1117","hot","water",10,1,"hot","water",29,5
"1118","mechanic","shop",10,1,"mechan","shop",2,4.25
"1119","orange","arm",10,1,"orang","arm",1,1.5
"1120","orange","carrot",10,1,"orang","carrot",4,5.75
"1121","orange","drink",10,1,"orang","drink",2,2.75
"1122","orange","fish",10,1,"orang","fish",28,3.25
"1123","pink","boot",10,1,"pink","boot",3,2.25
"1124","pink","purple",10,1,"pink","purpl",5,1.66666666666667
"1125","pink","shoe",10,1,"pink","shoe",12,2.5
"1126","purple","ball",10,1,"purpl","ball",10,2.75
"1127","purple","ear",10,1,"purpl","ear",8,1.5625
"1128","purple","fish",10,1,"purpl","fish",7,2.25
"1129","purple","guy",10,1,"purpl","gui",11,1
"1130","purple","raindrop",10,1,"purpl","raindrop",1,1.33333333333333
"1131","rainy","day",10,1,"raini","dai",11,3.25
"1132","red","ball",10,1,"red","ball",36,4.66666666666667
"1133","red","boat",10,1,"red","boat",4,3
"1134","red","car",10,1,"red","car",74,3
"1135","red","card",10,1,"red","card",2,3.25
"1136","red","eye",10,1,"red","ey",10,2.66666666666667
"1137","red","fish",10,1,"red","fish",13,4
"1138","red","oil",10,1,"red","oil",1,2.75
"1139","red","onion",10,1,"red","onion",4,3.75
"1140","red","pot",10,1,"red","pot",3,3
"1141","red","scissors",10,1,"red","scissor",4,3.25
"1142","red","spot",10,1,"red","spot",5,4.66666666666667
"1143","red","suit",10,1,"red","suit",2,2.33333333333333
"1144","rubber","duck",10,1,"rubber","duck",10,3.5
"1145","slippery","hand",10,1,"slipperi","hand",1,2.66666666666667
"1146","sweet","potato",10,1,"sweet","potato",17,2.75
"1147","top","bunk",10,1,"top","bunk",3,4.25
"1148","wet","foot",10,1,"wet","foot",13,3
"1149","wet","hand",10,1,"wet","hand",19,3
"1150","wet","rain",10,1,"wet","rain",4,7
"1151","yellow","car",10,1,"yellow","car",21,2.25
"1152","yellow","fish",10,1,"yellow","fish",19,3.25
"1153","yellow","line",10,1,"yellow","line",1,3.5
"1154","yellow","paint",10,1,"yellow","paint",3,3.25
"1155","yellow","picture",10,1,"yellow","pictur",1,2.75
"1156","yellow","pond",10,1,"yellow","pond",1,1.75
"1157","yellow","tail",10,1,"yellow","tail",1,2.75
"1158","red","dot",11,14,"red","dot",12,4
"1159","red","dot",11,14,"red","dot",12,4
"1160","red","dot",11,14,"red","dot",12,4
"1161","red","dot",11,14,"red","dot",12,4
"1162","red","dot",11,14,"red","dot",12,4
"1163","red","dot",11,14,"red","dot",12,4
"1164","red","dot",11,14,"red","dot",12,4
"1165","red","dot",11,14,"red","dot",12,4
"1166","red","dot",11,14,"red","dot",12,4
"1167","red","dot",11,14,"red","dot",12,4
"1168","red","dot",11,14,"red","dot",12,4
"1169","red","dot",11,14,"red","dot",12,4
"1170","red","dot",11,14,"red","dot",12,4
"1171","red","dot",11,14,"red","dot",12,4
"1172","yellow","star",11,7,"yellow","star",13,4.25
"1173","yellow","star",11,7,"yellow","star",13,4.25
"1174","yellow","star",11,7,"yellow","star",13,4.25
"1175","yellow","star",11,7,"yellow","star",13,4.25
"1176","yellow","star",11,7,"yellow","star",13,4.25
"1177","yellow","star",11,7,"yellow","star",13,4.25
"1178","yellow","star",11,7,"yellow","star",13,4.25
"1179","brown","wing",11,3,"brown","wing",1,3.5
"1180","brown","wing",11,3,"brown","wing",1,3.5
"1181","brown","wing",11,3,"brown","wing",1,3.5
"1182","green","shirt",11,3,"green","shirt",10,3
"1183","green","shirt",11,3,"green","shirt",10,3
"1184","green","shirt",11,3,"green","shirt",10,3
"1185","red","dog",11,3,"red","dog",32,2.33333333333333
"1186","red","dog",11,3,"red","dog",32,2.33333333333333
"1187","red","dog",11,3,"red","dog",32,2.33333333333333
"1188","red","guy",11,3,"red","gui",12,1.6
"1189","red","guy",11,3,"red","gui",12,1.6
"1190","red","guy",11,3,"red","gui",12,1.6
"1191","wet","house",11,3,"wet","hous",3,2.25
"1192","wet","house",11,3,"wet","hous",3,2.25
"1193","wet","house",11,3,"wet","hous",3,2.25
"1194","bright","light",11,2,"bright","light",8,4.25
"1195","bright","light",11,2,"bright","light",8,4.25
"1196","dark","green",11,2,"dark","green",6,4
"1197","dark","green",11,2,"dark","green",6,4
"1198","green","door",11,2,"green","door",3,3
"1199","green","door",11,2,"green","door",3,3
"1200","green","flower",11,2,"green","flower",4,2.5
"1201","green","flower",11,2,"green","flower",4,2.5
"1202","green","guy",11,2,"green","gui",31,1
"1203","green","guy",11,2,"green","gui",31,1
"1204","green","stripe",11,2,"green","stripe",1,2.5
"1205","green","stripe",11,2,"green","stripe",1,2.5
"1206","pink","color",11,2,"pink","color",8,2.5
"1207","pink","color",11,2,"pink","color",8,2.5
"1208","purple","color",11,2,"purpl","color",1,3.75
"1209","purple","color",11,2,"purpl","color",1,3.75
"1210","red","fish",11,2,"red","fish",13,4
"1211","red","fish",11,2,"red","fish",13,4
"1212","wet","floor",11,2,"wet","floor",9,2.5
"1213","wet","floor",11,2,"wet","floor",9,2.5
"1214","back","door",11,1,"back","door",2,3.25
"1215","brown","bear",11,1,"brown","bear",42,5
"1216","brown","cow",11,1,"brown","cow",14,3.5
"1217","dark","eye",11,1,"dark","ey",3,3.75
"1218","dead","person",11,1,"dead","person",1,2.75
"1219","dirty","pillow",11,1,"dirti","pillow",1,2.75
"1220","green","apple",11,1,"green","appl",20,3.75
"1221","green","ball",11,1,"green","ball",34,3
"1222","green","color",11,1,"green","color",16,4
"1223","green","eye",11,1,"green","ey",4,3
"1224","green","hand",11,1,"green","hand",9,1.75
"1225","green","head",11,1,"green","head",1,1.25
"1226","green","kitty",11,1,"green","kitti",1,1
"1227","green","land",11,1,"green","land",3,5
"1228","green","mountain",11,1,"green","mountain",3,4.5
"1229","green","orange",11,1,"green","orang",4,2.25
"1230","green","picture",11,1,"green","pictur",13,3
"1231","hot","bottle",11,1,"hot","bottl",1,3
"1232","hot","ice",11,1,"hot","ic",2,1.6
"1233","hot","window",11,1,"hot","window",1,1.75
"1234","orange","cracker",11,1,"orang","cracker",1,2.75
"1235","pink","dress",11,1,"pink","dress",6,3.5
"1236","pink","hair",11,1,"pink","hair",7,2.5
"1237","pink","heart",11,1,"pink","heart",7,4
"1238","pink","lipstick",11,1,"pink","lipstick",1,4
"1239","pink","purple",11,1,"pink","purpl",5,1.66666666666667
"1240","purple","horse",11,1,"purpl","hors",5,1
"1241","purple","top",11,1,"purpl","top",3,3.25
"1242","purple","water",11,1,"purpl","water",1,1.25
"1243","red","apple",11,1,"red","appl",37,5.25
"1244","red","barn",11,1,"red","barn",8,4.75
"1245","red","book",11,1,"red","book",8,3
"1246","red","button",11,1,"red","button",15,3
"1247","red","car",11,1,"red","car",74,3
"1248","red","fire",11,1,"red","fire",1,5.75
"1249","red","hand",11,1,"red","hand",10,2
"1250","red","heart",11,1,"red","heart",25,5.75
"1251","red","house",11,1,"red","hous",4,2.25
"1252","red","light",11,1,"red","light",71,3.5
"1253","red","piece",11,1,"red","piec",14,3.75
"1254","red","pole",11,1,"red","pole",4,2.5
"1255","red","pot",11,1,"red","pot",3,3
"1256","sunny","day",11,1,"sunni","dai",21,4.25
"1257","wet","dog",11,1,"wet","dog",1,3.25
"1258","wet","guy",11,1,"wet","gui",1,2.5
"1259","wet","rain",11,1,"wet","rain",4,7
"1260","wooden","stick",11,1,"wooden","stick",1,6
"1261","yellow","car",11,1,"yellow","car",21,2.25
"1262","yellow","eye",11,1,"yellow","ey",3,2.75
"1263","yellow","guy",11,1,"yellow","gui",13,2
"1264","yellow","piece",11,1,"yellow","piec",17,2.75
"1265","yellow","stick",11,1,"yellow","stick",1,3
"1266","green","egg",12,10,"green","egg",70,1.25
"1267","green","egg",12,10,"green","egg",70,1.25
"1268","green","egg",12,10,"green","egg",70,1.25
"1269","green","egg",12,10,"green","egg",70,1.25
"1270","green","egg",12,10,"green","egg",70,1.25
"1271","green","egg",12,10,"green","egg",70,1.25
"1272","green","egg",12,10,"green","egg",70,1.25
"1273","green","egg",12,10,"green","egg",70,1.25
"1274","green","egg",12,10,"green","egg",70,1.25
"1275","green","egg",12,10,"green","egg",70,1.25
"1276","green","ham",12,9,"green","ham",50,1.75
"1277","green","ham",12,9,"green","ham",50,1.75
"1278","green","ham",12,9,"green","ham",50,1.75
"1279","green","ham",12,9,"green","ham",50,1.75
"1280","green","ham",12,9,"green","ham",50,1.75
"1281","green","ham",12,9,"green","ham",50,1.75
"1282","green","ham",12,9,"green","ham",50,1.75
"1283","green","ham",12,9,"green","ham",50,1.75
"1284","green","ham",12,9,"green","ham",50,1.75
"1285","hot","day",12,6,"hot","dai",53,3.25
"1286","hot","day",12,6,"hot","dai",53,3.25
"1287","hot","day",12,6,"hot","dai",53,3.25
"1288","hot","day",12,6,"hot","dai",53,3.25
"1289","hot","day",12,6,"hot","dai",53,3.25
"1290","hot","day",12,6,"hot","dai",53,3.25
"1291","green","triangle",12,5,"green","triangl",14,3.25
"1292","green","triangle",12,5,"green","triangl",14,3.25
"1293","green","triangle",12,5,"green","triangl",14,3.25
"1294","green","triangle",12,5,"green","triangl",14,3.25
"1295","green","triangle",12,5,"green","triangl",14,3.25
"1296","pink","lemonade",12,4,"pink","lemonad",2,3.75
"1297","pink","lemonade",12,4,"pink","lemonad",2,3.75
"1298","pink","lemonade",12,4,"pink","lemonad",2,3.75
"1299","pink","lemonade",12,4,"pink","lemonad",2,3.75
"1300","purple","pad",12,4,"purpl","pad",1,2.5
"1301","purple","pad",12,4,"purpl","pad",1,2.5
"1302","purple","pad",12,4,"purpl","pad",1,2.5
"1303","purple","pad",12,4,"purpl","pad",1,2.5
"1304","red","diamond",12,4,"red","diamond",2,2
"1305","red","diamond",12,4,"red","diamond",2,2
"1306","red","diamond",12,4,"red","diamond",2,2
"1307","red","diamond",12,4,"red","diamond",2,2
"1308","dirty","sock",12,3,"dirti","sock",10,3
"1309","dirty","sock",12,3,"dirti","sock",10,3
"1310","dirty","sock",12,3,"dirti","sock",10,3
"1311","green","grass",12,3,"green","grass",13,6.5
"1312","green","grass",12,3,"green","grass",13,6.5
"1313","green","grass",12,3,"green","grass",13,6.5
"1314","green","light",12,3,"green","light",114,2.25
"1315","green","light",12,3,"green","light",114,2.25
"1316","green","light",12,3,"green","light",114,2.25
"1317","pink","color",12,3,"pink","color",8,2.5
"1318","pink","color",12,3,"pink","color",8,2.5
"1319","pink","color",12,3,"pink","color",8,2.5
"1320","pink","sand",12,3,"pink","sand",10,1.75
"1321","pink","sand",12,3,"pink","sand",10,1.75
"1322","pink","sand",12,3,"pink","sand",10,1.75
"1323","red","light",12,3,"red","light",71,3.5
"1324","red","light",12,3,"red","light",71,3.5
"1325","red","light",12,3,"red","light",71,3.5
"1326","wet","shoe",12,3,"wet","shoe",8,3
"1327","wet","shoe",12,3,"wet","shoe",8,3
"1328","wet","shoe",12,3,"wet","shoe",8,3
"1329","yellow","paint",12,3,"yellow","paint",3,3.25
"1330","yellow","paint",12,3,"yellow","paint",3,3.25
"1331","yellow","paint",12,3,"yellow","paint",3,3.25
"1332","curly","hair",12,2,"curli","hair",15,3.25
"1333","curly","hair",12,2,"curli","hair",15,3.25
"1334","dead","fish",12,2,"dead","fish",5,3.5
"1335","dead","fish",12,2,"dead","fish",5,3.5
"1336","dirty","hand",12,2,"dirti","hand",30,3.5
"1337","dirty","hand",12,2,"dirti","hand",30,3.5
"1338","green","card",12,2,"green","card",17,3.33333333333333
"1339","green","card",12,2,"green","card",17,3.33333333333333
"1340","green","fish",12,2,"green","fish",16,2.5
"1341","green","fish",12,2,"green","fish",16,2.5
"1342","hot","lunch",12,2,"hot","lunch",2,5
"1343","hot","lunch",12,2,"hot","lunch",2,5
"1344","hot","sun",12,2,"hot","sun",12,7
"1345","hot","sun",12,2,"hot","sun",12,7
"1346","pink","dress",12,2,"pink","dress",6,3.5
"1347","pink","dress",12,2,"pink","dress",6,3.5
"1348","red","fish",12,2,"red","fish",13,4
"1349","red","fish",12,2,"red","fish",13,4
"1350","red","flag",12,2,"red","flag",3,3
"1351","red","flag",12,2,"red","flag",3,3
"1352","red","picture",12,2,"red","pictur",5,2.5
"1353","red","picture",12,2,"red","pictur",5,2.5
"1354","red","wheel",12,2,"red","wheel",4,3
"1355","red","wheel",12,2,"red","wheel",4,3
"1356","yellow","bag",12,2,"yellow","bag",2,2.5
"1357","yellow","bag",12,2,"yellow","bag",2,2.5
"1358","yellow","car",12,2,"yellow","car",21,2.25
"1359","yellow","car",12,2,"yellow","car",21,2.25
"1360","brown","eye",12,1,"brown","ey",16,3.33333333333333
"1361","brown","hair",12,1,"brown","hair",14,4.25
"1362","dark","color",12,1,"dark","color",9,4.25
"1363","dark","forest",12,1,"dark","forest",2,4.25
"1364","dark","sky",12,1,"dark","sky",1,4
"1365","dead","fly",12,1,"dead","fly",1,3.4
"1366","dirty","car",12,1,"dirti","car",3,5
"1367","dirty","floor",12,1,"dirti","floor",8,3.33333333333333
"1368","dirty","shoe",12,1,"dirti","shoe",10,4
"1369","fat","body",12,1,"fat","bodi",3,4
"1370","fat","girl",12,1,"fat","girl",4,3
"1371","flat","bed",12,1,"flat","bed",1,5.25
"1372","giant","bucket",12,1,"giant","bucket",1,2.5
"1373","grassy","field",12,1,"grassi","field",1,5.5
"1374","green","carrot",12,1,"green","carrot",1,1.5
"1375","green","diamond",12,1,"green","diamond",1,1.66666666666667
"1376","green","eye",12,1,"green","ey",4,3
"1377","green","knife",12,1,"green","knife",1,3.5
"1378","green","leg",12,1,"green","leg",2,1.25
"1379","green","shirt",12,1,"green","shirt",10,3
"1380","green","stripe",12,1,"green","stripe",1,2.5
"1381","green","tea",12,1,"green","tea",2,4.5
"1382","green","triceratops",12,1,"green","triceratop",1,3.75
"1383","green","wall",12,1,"green","wall",2,3.25
"1384","green","water",12,1,"green","water",2,2.75
"1385","hot","coffee",12,1,"hot","coffe",9,4.75
"1386","orange","bag",12,1,"orang","bag",2,2.66666666666667
"1387","orange","color",12,1,"orang","color",9,4
"1388","orange","eye",12,1,"orang","ey",4,1.75
"1389","orange","finger",12,1,"orang","finger",5,1.5
"1390","orange","fish",12,1,"orang","fish",28,3.25
"1391","orange","tea",12,1,"orang","tea",2,3
"1392","pink","crayon",12,1,"pink","crayon",9,2.5
"1393","pink","fish",12,1,"pink","fish",10,3
"1394","pink","flower",12,1,"pink","flower",8,3.5
"1395","pink","pig",12,1,"pink","pig",11,5.5
"1396","pink","sweater",12,1,"pink","sweater",5,3.8
"1397","puffy","cloud",12,1,"puffi","cloud",3,4.25
"1398","purple","book",12,1,"purpl","book",1,2.25
"1399","purple","color",12,1,"purpl","color",1,3.75
"1400","purple","duck",12,1,"purpl","duck",6,1
"1401","purple","sand",12,1,"purpl","sand",2,2.25
"1402","purple","shirt",12,1,"purpl","shirt",4,3
"1403","purple","tail",12,1,"purpl","tail",5,2
"1404","red","berry",12,1,"red","berri",4,4.66666666666667
"1405","red","block",12,1,"red","block",20,3.75
"1406","red","flower",12,1,"red","flower",13,3.25
"1407","red","sand",12,1,"red","sand",2,2.25
"1408","red","square",12,1,"red","squar",5,3
"1409","red","triangle",12,1,"red","triangl",15,3.75
"1410","slippery","sock",12,1,"slipperi","sock",1,1.75
"1411","square","triangle",12,1,"squar","triangl",9,1
"1412","sunny","day",12,1,"sunni","dai",21,4.25
"1413","sweet","sugar",12,1,"sweet","sugar",29,6.75
"1414","yellow","eye",12,1,"yellow","ey",3,2.75
"1415","yellow","fish",12,1,"yellow","fish",19,3.25
"1416","yellow","leg",12,1,"yellow","leg",2,1.75
"1417","yellow","piece",12,1,"yellow","piec",17,2.75
